2026.04.02,16:00,4676.11000,4681.39000,4657.13000,4672.56000,15428
2026.04.02,17:00,4672.58000,4680.42000,4586.23000,4594.16000,25222
2026.04.02,18:00,4594.16000,4608.66000,4553.84000,4599.22000,29645
2026.04.02,19:00,4599.21000,4651.00000,4597.27000,4642.77000,21830
2026.04.02,20:00,4642.77000,4648.87000,4617.26000,4620.80000,20559
2026.04.02,21:00,4620.80000,4631.85000,4613.24000,4621.83000,17128
2026.04.02,22:00,4621.83000,4634.98000,4604.12000,4620.53000,17630
2026.04.02,23:00,4599.91000,4630.04000,4594.36000,4601.90000,35387
2026.04.03,00:00,4601.93000,4651.23000,4580.37000,4646.14000,69825
2026.04.03,01:00,4646.05000,4699.51000,4631.28000,4681.43000,76648
2026.04.03,02:00,4681.55000,4684.06000,4652.37000,4660.73000,63748
2026.04.03,03:00,4660.78000,4670.65000,4642.59000,4659.15000,46420
2026.04.03,04:00,4659.16000,4668.46000,4645.71000,4648.76000,37877
2026.04.03,05:00,4648.77000,4672.14000,4647.38000,4668.55000,29604
2026.04.03,06:00,4668.54000,4681.84000,4661.27000,4672.26000,29386
2026.04.03,07:00,4672.41000,4677.66000,4664.20000,4676.33000,9519
2026.04.04,01:00,4672.84000,4672.84000,4672.02000,4672.02000,3
2026.04.04,02:00,4672.02000,4673.62000,4671.99000,4672.15000,37
2026.04.06,09:00,4642.20000,4664.37000,4607.53000,4645.53000,26505
2026.04.06,10:00,4645.54000,4650.95000,4604.62000,4610.15000,20728
2026.04.06,11:00,4610.14000,4628.92000,4600.53000,4622.11000,29230
2026.04.06,12:00,4622.16000,4642.72000,4620.30000,4625.50000,21324
2026.04.06,13:00,4625.52000,4671.43000,4623.37000,4647.57000,24176
2026.04.06,14:00,4647.50000,4647.81000,4625.00000,4640.23000,18304
2026.04.06,15:00,4640.22000,4659.68000,4639.51000,4658.52000,10037
2026.04.06,16:00,4658.55000,4678.61000,4651.21000,4652.65000,11551
2026.04.06,17:00,4652.61000,4667.49000,4643.46000,4665.65000,13837
2026.04.06,18:00,4665.54000,4688.15000,4644.52000,4684.41000,17556
2026.04.06,19:00,4684.37000,4698.18000,4680.28000,4695.71000,16978
2026.04.06,20:00,4695.72000,4706.71000,4690.60000,4693.38000,19335
2026.04.06,21:00,4693.44000,4697.62000,4684.05000,4689.58000,19344
2026.04.06,22:00,4689.65000,4696.73000,4677.00000,4677.67000,17269
2026.04.06,23:00,4677.62000,4686.78000,4659.65000,4676.01000,21709
2026.04.07,00:00,4675.98000,4681.41000,4659.53000,4679.40000,39024
2026.04.07,01:00,4679.43000,4697.58000,4659.74000,4682.48000,46127
2026.04.07,02:00,4682.79000,4683.96000,4651.58000,4667.86000,27712
2026.04.07,03:00,4668.02000,4672.54000,4657.72000,4660.36000,16837
2026.04.07,04:00,4660.37000,4661.00000,4645.60000,4653.39000,22677
2026.04.07,05:00,4653.41000,4666.35000,4648.86000,4658.25000,21353
2026.04.07,06:00,4658.27000,4659.49000,4645.41000,4655.56000,11208
2026.04.07,07:00,4655.60000,4658.22000,4648.01000,4649.08000,5493
2026.04.07,09:00,4658.72000,4667.59000,4656.32000,4658.12000,7730
2026.04.07,10:00,4658.13000,4661.38000,4651.12000,4658.54000,5225
2026.04.07,11:00,4658.53000,4661.25000,4648.85000,4654.50000,13342
2026.04.07,12:00,4654.47000,4664.37000,4615.70000,4626.59000,42356
2026.04.07,13:00,4626.65000,4653.59000,4619.60000,4650.36000,19171
2026.04.07,14:00,4650.27000,4653.97000,4639.36000,4649.59000,12260
2026.04.07,15:00,4649.61000,4664.20000,4645.26000,4660.21000,8257
2026.04.07,16:00,4659.91000,4661.56000,4622.80000,4642.93000,20670
2026.04.07,17:00,4642.98000,4656.61000,4637.49000,4652.96000,20037
2026.04.07,18:00,4652.95000,4656.83000,4636.38000,4645.69000,18534
2026.04.07,19:00,4646.00000,4690.79000,4644.04000,4682.85000,36022
2026.04.07,20:00,4682.76000,4694.49000,4658.50000,4670.47000,24747
2026.04.07,21:00,4670.76000,4680.41000,4649.02000,4651.79000,30955
2026.04.07,22:00,4651.85000,4663.79000,4628.43000,4659.68000,22017
2026.04.07,23:00,4659.66000,4670.76000,4646.63000,4651.04000,25909
2026.04.08,00:00,4651.06000,4663.10000,4635.40000,4644.08000,48261
2026.04.08,01:00,4643.64000,4661.69000,4607.10000,4633.19000,54015
2026.04.08,02:00,4633.18000,4659.31000,4624.71000,4655.56000,39826
2026.04.08,03:00,4655.66000,4668.51000,4652.35000,4656.99000,34628
2026.04.08,04:00,4657.07000,4686.71000,4653.71000,4675.82000,26597
2026.04.08,05:00,4675.79000,4686.16000,4657.37000,4662.22000,24112
2026.04.08,06:00,4662.47000,4718.51000,4660.31000,4700.80000,64141
2026.04.08,07:00,4700.47000,4716.76000,4696.90000,4706.24000,21695
2026.04.08,09:00,4746.56000,4819.53000,4711.88000,4817.92000,37106
2026.04.08,10:00,4818.00000,4836.36000,4801.03000,4832.85000,37479
2026.04.08,11:00,4832.79000,4857.44000,4808.66000,4817.33000,39070
2026.04.08,12:00,4817.39000,4824.78000,4787.83000,4810.10000,39492
2026.04.08,13:00,4809.99000,4825.08000,4798.34000,4803.65000,17679
2026.04.08,14:00,4803.66000,4806.04000,4794.70000,4797.66000,15688
2026.04.08,15:00,4797.64000,4806.76000,4790.37000,4803.61000,12964
2026.04.08,16:00,4803.60000,4844.20000,4800.40000,4827.71000,18523
2026.04.08,17:00,4827.60000,4840.02000,4819.74000,4819.87000,23631
2026.04.08,18:00,4819.85000,4821.36000,4804.83000,4813.06000,18728
2026.04.08,19:00,4813.67000,4819.83000,4789.99000,4793.91000,19563
2026.04.08,20:00,4793.54000,4806.90000,4776.03000,4783.26000,19423
2026.04.08,21:00,4783.25000,4796.26000,4770.88000,4782.56000,17987
2026.04.08,22:00,4782.49000,4802.77000,4777.62000,4798.30000,22752
2026.04.08,23:00,4798.19000,4807.20000,4767.76000,4799.41000,36623
2026.04.09,00:00,4799.40000,4806.60000,4767.76000,4777.33000,46385
2026.04.09,01:00,4777.41000,4791.95000,4732.05000,4736.26000,57550
2026.04.09,02:00,4736.25000,4763.23000,4733.90000,4756.48000,35266
2026.04.09,03:00,4756.50000,4765.61000,4745.31000,4760.44000,24324
2026.04.09,04:00,4760.37000,4764.42000,4731.29000,4733.67000,24575
2026.04.09,05:00,4733.69000,4744.56000,4703.54000,4704.99000,39923
2026.04.09,06:00,4704.93000,4731.90000,4698.48000,4730.56000,28571
2026.04.09,07:00,4730.45000,4732.34000,4716.80000,4720.53000,8897
2026.04.09,09:00,4727.49000,4732.93000,4704.17000,4717.23000,11365
2026.04.09,10:00,4717.22000,4719.79000,4705.01000,4715.20000,9906
2026.04.09,11:00,4715.14000,4718.75000,4698.35000,4706.60000,18036
2026.04.09,12:00,4706.53000,4728.25000,4699.28000,4727.07000,26320
2026.04.09,13:00,4727.11000,4732.97000,4717.07000,4718.81000,14107
2026.04.09,14:00,4718.70000,4720.24000,4704.84000,4711.58000,12985
2026.04.09,15:00,4711.55000,4725.45000,4709.39000,4720.42000,7762
2026.04.09,16:00,4720.50000,4726.70000,4705.32000,4713.38000,14738
2026.04.09,17:00,4713.59000,4725.05000,4703.05000,4712.68000,19025
2026.04.09,18:00,4712.48000,4731.47000,4705.51000,4724.23000,29202
2026.04.09,19:00,4724.25000,4733.63000,4719.83000,4726.23000,17171
2026.04.09,20:00,4726.20000,4733.34000,4722.57000,4729.20000,16884
2026.04.09,21:00,4729.19000,4746.66000,4723.60000,4741.08000,16288
2026.04.09,22:00,4740.88000,4757.58000,4738.30000,4756.50000,15830
2026.04.09,23:00,4756.51000,4759.57000,4734.60000,4745.97000,23158
2026.04.10,00:00,4745.92000,4777.18000,4738.43000,4764.28000,44030
2026.04.10,01:00,4764.22000,4776.22000,4746.94000,4768.51000,46715
2026.04.10,02:00,4768.65000,4798.10000,4761.07000,4792.88000,46149
2026.04.10,03:00,4792.90000,4800.97000,4784.24000,4788.82000,32114
2026.04.10,04:00,4788.89000,4801.12000,4786.64000,4797.68000,25559
2026.04.10,05:00,4797.75000,4797.97000,4767.58000,4772.15000,35297
2026.04.10,06:00,4772.16000,4782.67000,4766.72000,4768.83000,27015
2026.04.10,07:00,4769.04000,4773.34000,4760.78000,4765.85000,7820
2026.04.10,09:00,4774.75000,4778.11000,4758.42000,4764.12000,7921
2026.04.10,10:00,4764.39000,4764.43000,4756.69000,4763.71000,5659
2026.04.10,11:00,4763.91000,4763.94000,4750.26000,4762.55000,12098
2026.04.10,12:00,4762.54000,4777.05000,4757.81000,4764.48000,18588
2026.04.10,13:00,4764.17000,4765.21000,4737.66000,4753.08000,18484
2026.04.10,14:00,4753.09000,4769.38000,4752.71000,4766.39000,11678
2026.04.10,15:00,4766.50000,4770.79000,4758.03000,4758.22000,6615
2026.04.10,16:00,4758.29000,4769.26000,4757.04000,4765.47000,11448
2026.04.10,17:00,4765.48000,4765.51000,4742.45000,4745.73000,16740
2026.04.10,18:00,4746.12000,4757.60000,4740.93000,4749.69000,14842
2026.04.10,19:00,4749.75000,4753.30000,4730.57000,4740.81000,20334
2026.04.10,20:00,4740.83000,4760.78000,4740.64000,4751.55000,22968
2026.04.10,21:00,4751.58000,4760.62000,4742.14000,4757.12000,15464
2026.04.10,22:00,4757.14000,4768.73000,4753.20000,4768.15000,14093
2026.04.10,23:00,4768.22000,4782.47000,4759.67000,4771.72000,30579
2026.04.11,00:00,4771.70000,4780.30000,4765.09000,4774.67000,38355
2026.04.11,01:00,4774.92000,4795.17000,4767.23000,4774.79000,42256
2026.04.11,02:00,4774.80000,4787.28000,4755.16000,4762.10000,36617
2026.04.11,03:00,4761.89000,4766.18000,4746.97000,4763.78000,25310
2026.04.11,04:00,4763.90000,4768.80000,4758.18000,4760.16000,17584
2026.04.11,05:00,4760.17000,4773.17000,4750.93000,4765.26000,18527
2026.04.11,06:00,4765.29000,4770.56000,4758.12000,4759.58000,15771
2026.04.11,07:00,4759.62000,4759.84000,4740.87000,4750.78000,5688
2026.04.13,09:00,4672.55000,4690.23000,4644.03000,4658.70000,23127
2026.04.13,10:00,4658.69000,4671.62000,4644.13000,4670.91000,15440
2026.04.13,11:00,4670.93000,4698.25000,4664.15000,4695.26000,17005
2026.04.13,12:00,4694.65000,4728.14000,4693.32000,4721.08000,27864
2026.04.13,13:00,4721.06000,4727.81000,4710.74000,4720.07000,15835
2026.04.13,14:00,4720.35000,4723.87000,4711.73000,4717.63000,10163
2026.04.13,15:00,4717.65000,4724.80000,4708.26000,4723.15000,8769
2026.04.13,16:00,4723.19000,4730.86000,4715.86000,4729.25000,12153
2026.04.13,17:00,4729.30000,4732.63000,4720.59000,4725.13000,14081
2026.04.13,18:00,4725.16000,4739.97000,4724.34000,4733.59000,15946
2026.04.13,19:00,4733.46000,4738.56000,4720.11000,4723.31000,14891
2026.04.13,20:00,4723.32000,4728.69000,4710.54000,4714.67000,14029
2026.04.13,21:00,4714.73000,4723.85000,4708.33000,4721.99000,11467
2026.04.13,22:00,4722.04000,4729.22000,4703.16000,4706.40000,19124
2026.04.13,23:00,4706.83000,4725.06000,4703.42000,4723.57000,23579
2026.04.14,00:00,4723.55000,4744.18000,4721.33000,4730.19000,39844
2026.04.14,01:00,4730.13000,4730.66000,4708.54000,4718.60000,39048
2026.04.14,02:00,4718.72000,4719.76000,4699.99000,4714.27000,29459
2026.04.14,03:00,4714.35000,4745.87000,4709.35000,4733.16000,33242
2026.04.14,04:00,4733.18000,4749.99000,4725.63000,4729.80000,19792
2026.04.14,05:00,4729.87000,4740.68000,4723.32000,4738.25000,15964
2026.04.14,06:00,4738.24000,4747.42000,4730.58000,4741.03000,19406
2026.04.14,07:00,4741.13000,4743.91000,4737.95000,4742.03000,4501
2026.04.14,09:00,4751.74000,4759.30000,4745.21000,4757.57000,8137
2026.04.14,10:00,4757.56000,4765.61000,4754.12000,4757.36000,7516
2026.04.14,11:00,4757.41000,4775.92000,4751.20000,4769.67000,13448
2026.04.14,12:00,4769.30000,4776.88000,4761.48000,4765.04000,21161
2026.04.14,13:00,4764.70000,4777.26000,4761.66000,4774.98000,12727
2026.04.14,14:00,4774.96000,4775.41000,4765.22000,4768.17000,8504
2026.04.14,15:00,4768.13000,4776.77000,4766.99000,4774.12000,5037
2026.04.14,16:00,4774.19000,4774.25000,4758.05000,4760.09000,13147
2026.04.14,17:00,4760.14000,4783.01000,4760.05000,4781.91000,14299
2026.04.14,18:00,4781.90000,4796.24000,4767.65000,4777.12000,21852
2026.04.14,19:00,4777.09000,4789.96000,4774.05000,4786.89000,15709
2026.04.14,20:00,4787.09000,4789.31000,4771.65000,4777.97000,12997
2026.04.14,21:00,4778.06000,4788.02000,4751.74000,4768.37000,15404
2026.04.14,22:00,4768.35000,4783.11000,4766.54000,4774.82000,15724
2026.04.14,23:00,4774.83000,4777.53000,4762.07000,4771.26000,24078
2026.04.15,00:00,4771.27000,4803.33000,4770.98000,4794.69000,39107
2026.04.15,01:00,4795.09000,4818.05000,4792.84000,4803.82000,42161
2026.04.15,02:00,4803.81000,4816.26000,4790.87000,4808.11000,33569
2026.04.15,03:00,4808.16000,4820.41000,4805.08000,4810.02000,23043
2026.04.15,04:00,4809.99000,4841.29000,4809.34000,4835.01000,24378
2026.04.15,05:00,4835.00000,4843.48000,4831.00000,4835.57000,21287
2026.04.15,06:00,4835.58000,4846.34000,4835.58000,4844.95000,18097
2026.04.15,07:00,4845.00000,4846.07000,4839.48000,4841.15000,4578
2026.04.15,09:00,4839.97000,4850.74000,4833.03000,4834.75000,10934
2026.04.15,10:00,4834.71000,4844.18000,4833.57000,4837.29000,12777
2026.04.15,11:00,4837.40000,4840.09000,4827.10000,4835.19000,13471
2026.04.15,12:00,4835.13000,4870.88000,4828.00000,4846.78000,29609
2026.04.15,13:00,4846.77000,4853.28000,4820.59000,4823.87000,23369
2026.04.15,14:00,4823.76000,4829.62000,4816.80000,4823.78000,12879
2026.04.15,15:00,4823.75000,4827.79000,4820.03000,4824.96000,7756
2026.04.15,16:00,4824.97000,4830.34000,4812.30000,4819.49000,18492
2026.04.15,17:00,4819.51000,4824.95000,4810.90000,4811.50000,19095
2026.04.15,18:00,4811.57000,4816.84000,4803.70000,4811.10000,19124
2026.04.15,19:00,4811.06000,4820.81000,4804.44000,4818.48000,16473
2026.04.15,20:00,4818.47000,4819.41000,4785.86000,4798.12000,23697
2026.04.15,21:00,4798.02000,4805.27000,4790.11000,4799.94000,21732
2026.04.15,22:00,4800.06000,4814.84000,4795.53000,4812.60000,16888
2026.04.15,23:00,4812.61000,4816.26000,4806.73000,4811.58000,17359
2026.04.16,00:00,4811.56000,4830.03000,4808.14000,4828.75000,37811
2026.04.16,01:00,4828.69000,4830.47000,4813.03000,4815.51000,34047
2026.04.16,02:00,4815.53000,4816.11000,4786.70000,4801.36000,33994
2026.04.16,03:00,4801.37000,4812.72000,4799.84000,4803.73000,23737
2026.04.16,04:00,4803.70000,4808.69000,4790.55000,4792.13000,19354
2026.04.16,05:00,4792.15000,4802.04000,4789.84000,4799.58000,20850
2026.04.16,06:00,4799.57000,4803.37000,4794.39000,4795.97000,17404
2026.04.16,07:00,4796.05000,4796.65000,4787.36000,4790.69000,5953
2026.04.16,09:00,4797.44000,4811.63000,4790.53000,4807.18000,7285
2026.04.16,10:00,4807.15000,4826.44000,4807.10000,4823.19000,7474
2026.04.16,11:00,4823.16000,4837.39000,4820.39000,4832.84000,11521
2026.04.16,12:00,4832.87000,4835.89000,4810.89000,4817.64000,17714
2026.04.16,13:00,4817.66000,4824.90000,4812.01000,4819.33000,13285
2026.04.16,14:00,4819.31000,4826.79000,4818.73000,4823.69000,8888
2026.04.16,15:00,4823.68000,4833.43000,4822.46000,4833.03000,6079
2026.04.16,16:00,4832.73000,4838.45000,4820.75000,4820.92000,13427
2026.04.16,17:00,4820.84000,4830.65000,4814.18000,4825.76000,18905
2026.04.16,18:00,4825.77000,4830.91000,4816.93000,4821.04000,18654
2026.04.16,19:00,4821.03000,4821.87000,4806.24000,4813.39000,18660
2026.04.16,20:00,4813.38000,4818.00000,4806.57000,4812.60000,14905
2026.04.16,21:00,4812.61000,4817.25000,4804.99000,4817.22000,13715
2026.04.16,22:00,4817.24000,4822.51000,4815.23000,4822.19000,12706
2026.04.16,23:00,4822.21000,4823.02000,4811.54000,4816.20000,16977
2026.04.17,00:00,4816.22000,4823.92000,4784.26000,4794.87000,36802
2026.04.17,01:00,4794.89000,4805.36000,4771.98000,4788.65000,44704
2026.04.17,02:00,4788.66000,4812.78000,4788.19000,4806.88000,32128
2026.04.17,03:00,4806.98000,4810.11000,4785.12000,4792.04000,30064
2026.04.17,04:00,4792.06000,4795.41000,4781.32000,4789.13000,32173
2026.04.17,05:00,4789.15000,4794.34000,4785.63000,4789.63000,30706
2026.04.17,06:00,4789.77000,4798.54000,4789.44000,4793.31000,17556
2026.04.17,07:00,4793.35000,4794.03000,4786.48000,4789.80000,5172
2026.04.17,09:00,4794.47000,4797.72000,4790.36000,4795.18000,7468
2026.04.17,10:00,4794.87000,4797.59000,4791.31000,4791.41000,5868
2026.04.17,11:00,4791.36000,4801.09000,4785.65000,4794.71000,11080
2026.04.17,12:00,4794.43000,4795.59000,4767.24000,4789.33000,23678
2026.04.17,13:00,4789.32000,4794.62000,4784.11000,4784.73000,11527
2026.04.17,14:00,4784.71000,4798.05000,4784.71000,4793.16000,9696
2026.04.17,15:00,4793.12000,4804.58000,4792.56000,4802.78000,5806
2026.04.17,16:00,4802.74000,4806.08000,4793.77000,4794.04000,12818
2026.04.17,17:00,4794.20000,4795.34000,4779.26000,4784.90000,15570
2026.04.17,18:00,4784.87000,4794.74000,4778.65000,4784.45000,13275
2026.04.17,19:00,4784.47000,4797.02000,4780.97000,4795.83000,12386
2026.04.17,20:00,4795.82000,4800.89000,4790.05000,4790.43000,11863
2026.04.17,21:00,4790.45000,4793.98000,4782.22000,4787.42000,10674
2026.04.17,22:00,4787.44000,4811.67000,4783.42000,4799.14000,15461
2026.04.17,23:00,4799.22000,4847.66000,4797.81000,4846.45000,35408
2026.04.18,00:00,4846.30000,4890.11000,4834.91000,4880.18000,61242
2026.04.18,01:00,4880.10000,4885.32000,4860.81000,4873.16000,44010
2026.04.18,02:00,4873.31000,4880.61000,4854.47000,4867.43000,42371
2026.04.18,03:00,4867.48000,4873.53000,4863.67000,4867.10000,23576
2026.04.18,04:00,4867.14000,4869.62000,4853.49000,4862.45000,27964
2026.04.18,05:00,4862.49000,4867.90000,4855.82000,4857.76000,23841
2026.04.18,06:00,4858.13000,4861.40000,4852.70000,4854.58000,20751
2026.04.18,07:00,4854.60000,4854.89000,4833.64000,4835.36000,8831
2026.04.20,09:00,4766.12000,4794.65000,4761.89000,4778.68000,21375
2026.04.20,10:00,4779.04000,4779.20000,4736.38000,4754.72000,18978
2026.04.20,11:00,4754.74000,4774.42000,4744.20000,4772.23000,21551
2026.04.20,12:00,4772.16000,4814.20000,4771.12000,4807.64000,27545
2026.04.20,13:00,4807.36000,4809.21000,4792.96000,4797.17000,16696
2026.04.20,14:00,4797.19000,4798.34000,4788.71000,4790.91000,11588
2026.04.20,15:00,4790.96000,4795.81000,4786.80000,4788.85000,7743
2026.04.20,16:00,4788.95000,4796.10000,4779.23000,4790.91000,17176
2026.04.20,17:00,4790.86000,4795.30000,4783.82000,4795.26000,20697
2026.04.20,18:00,4795.68000,4805.74000,4786.69000,4789.67000,22146
2026.04.20,19:00,4789.65000,4796.18000,4785.95000,4796.02000,17465
2026.04.20,20:00,4795.99000,4797.87000,4783.44000,4791.51000,17703
2026.04.20,21:00,4791.52000,4800.97000,4789.78000,4795.81000,13822
2026.04.20,22:00,4795.75000,4810.78000,4786.54000,4810.38000,19931
2026.04.20,23:00,4810.42000,4822.04000,4799.02000,4803.36000,23349
2026.04.21,00:00,4803.52000,4826.31000,4799.61000,4818.02000,41595
2026.04.21,01:00,4818.13000,4827.68000,4792.13000,4805.11000,44633
2026.04.21,02:00,4805.25000,4809.37000,4792.73000,4799.72000,36709
2026.04.21,03:00,4799.80000,4806.23000,4792.75000,4805.48000,19953
2026.04.21,04:00,4805.51000,4812.05000,4803.77000,4806.72000,18383
2026.04.21,05:00,4806.73000,4816.51000,4806.73000,4813.91000,17037
2026.04.21,06:00,4813.90000,4821.39000,4810.07000,4814.23000,14061
2026.04.21,07:00,4814.24000,4821.93000,4812.05000,4820.22000,5974
2026.04.21,09:00,4823.67000,4833.46000,4820.18000,4827.84000,12057
2026.04.21,10:00,4827.77000,4831.80000,4819.68000,4821.84000,5493
2026.04.21,11:00,4822.03000,4830.54000,4816.75000,4823.79000,14314
2026.04.21,12:00,4823.70000,4824.67000,4805.57000,4810.13000,17979
2026.04.21,13:00,4810.15000,4810.50000,4802.13000,4806.95000,11933
2026.04.21,14:00,4806.98000,4807.72000,4792.39000,4796.87000,11971
2026.04.21,15:00,4796.91000,4797.96000,4788.52000,4789.25000,7876
2026.04.21,16:00,4789.45000,4796.99000,4783.05000,4784.09000,14632
2026.04.21,17:00,4784.08000,4790.60000,4774.61000,4778.28000,19530
2026.04.21,18:00,4778.06000,4792.58000,4772.56000,4786.10000,19177
2026.04.21,19:00,4786.04000,4793.14000,4774.72000,4785.92000,16490
2026.04.21,20:00,4785.93000,4789.51000,4780.96000,4783.71000,12784
2026.04.21,21:00,4783.84000,4790.40000,4780.64000,4789.70000,9294
2026.04.21,22:00,4789.72000,4797.96000,4774.97000,4794.63000,16213
2026.04.21,23:00,4794.69000,4797.03000,4766.29000,4778.70000,25816
2026.04.22,00:00,4778.69000,4794.13000,4760.93000,4779.12000,41992
2026.04.22,01:00,4778.81000,4782.53000,4723.22000,4738.89000,50301
2026.04.22,02:00,4738.98000,4757.25000,4727.73000,4741.53000,46608
2026.04.22,03:00,4741.74000,4746.81000,4708.15000,4710.84000,32807
2026.04.22,04:00,4710.87000,4722.20000,4696.95000,4711.27000,39761
2026.04.22,05:00,4711.06000,4714.73000,4692.47000,4709.21000,34514
2026.04.22,06:00,4709.36000,4715.12000,4667.89000,4679.26000,44586
2026.04.22,07:00,4679.17000,4720.54000,4668.82000,4719.80000,25742
2026.04.22,09:00,4721.00000,4729.14000,4715.21000,4719.27000,10044
2026.04.22,10:00,4719.14000,4740.47000,4717.79000,4737.74000,9098
2026.04.22,11:00,4738.04000,4747.55000,4737.98000,4739.73000,12762
2026.04.22,12:00,4739.70000,4754.73000,4735.95000,4751.99000,18529
2026.04.22,13:00,4752.04000,4758.86000,4749.84000,4755.63000,10662
2026.04.22,14:00,4755.57000,4765.13000,4752.87000,4757.88000,9320
2026.04.22,15:00,4757.93000,4759.63000,4752.00000,4754.71000,7302
2026.04.22,16:00,4754.80000,4771.90000,4752.03000,4767.58000,15169
2026.04.22,17:00,4767.56000,4767.88000,4758.66000,4767.80000,12462
2026.04.22,18:00,4767.79000,4772.30000,4759.47000,4760.54000,12421
2026.04.22,19:00,4760.50000,4762.31000,4751.74000,4757.23000,13211
2026.04.22,20:00,4757.24000,4762.47000,4752.30000,4755.18000,12319
2026.04.22,21:00,4755.16000,4760.15000,4745.61000,4759.27000,12517
2026.04.22,22:00,4759.56000,4760.81000,4747.72000,4750.27000,12544
2026.04.22,23:00,4750.34000,4760.00000,4742.59000,4744.27000,18649
2026.04.23,00:00,4744.29000,4760.83000,4736.29000,4752.58000,41117
2026.04.23,01:00,4752.72000,4757.48000,4729.95000,4735.90000,38368
2026.04.23,02:00,4735.99000,4740.23000,4724.74000,4727.36000,31227
2026.04.23,03:00,4728.20000,4735.01000,4723.84000,4728.48000,20816
2026.04.23,04:00,4728.50000,4739.57000,4728.39000,4737.20000,19241
2026.04.23,05:00,4737.21000,4749.33000,4729.77000,4741.77000,14852
2026.04.23,06:00,4741.74000,4745.49000,4736.79000,4739.98000,17108
2026.04.23,07:00,4740.08000,4740.77000,4734.48000,4737.90000,7547
2026.04.23,09:00,4745.71000,4746.34000,4725.52000,4725.98000,8652
2026.04.23,10:00,4726.04000,4730.00000,4723.21000,4727.71000,6214
2026.04.23,11:00,4727.70000,4753.38000,4694.00000,4747.83000,35454
2026.04.23,12:00,4747.60000,4749.95000,4722.37000,4723.21000,24377
2026.04.23,13:00,4723.20000,4724.85000,4697.94000,4698.76000,29205
2026.04.23,14:00,4698.70000,4708.65000,4697.96000,4704.00000,21525
2026.04.23,15:00,4703.96000,4707.13000,4698.52000,4704.35000,9623
2026.04.23,16:00,4704.34000,4715.22000,4691.92000,4713.57000,19611
2026.04.23,17:00,4713.58000,4721.11000,4708.47000,4713.05000,19114
2026.04.23,18:00,4713.01000,4720.54000,4703.09000,4719.20000,22368
2026.04.23,19:00,4719.19000,4724.82000,4701.55000,4703.23000,19428
2026.04.23,20:00,4703.22000,4703.73000,4694.60000,4697.57000,18903
2026.04.23,21:00,4697.63000,4701.62000,4684.12000,4696.48000,19841
2026.04.23,22:00,4696.53000,4720.95000,4695.13000,4720.53000,20227
2026.04.23,23:00,4720.60000,4743.17000,4719.54000,4740.01000,33045
2026.04.24,00:00,4739.98000,4741.22000,4723.56000,4724.23000,35366
2026.04.24,01:00,4724.18000,4736.56000,4717.13000,4733.42000,40590
2026.04.24,02:00,4733.44000,4741.02000,4716.18000,4720.45000,31102
2026.04.24,03:00,4720.47000,4737.08000,4715.46000,4732.91000,22649
2026.04.24,04:00,4732.99000,4734.57000,4663.88000,4709.28000,66385
2026.04.24,05:00,4709.34000,4722.18000,4698.95000,4700.84000,43957
2026.04.24,06:00,4700.87000,4704.55000,4689.33000,4695.95000,34051
2026.04.24,07:00,4696.03000,4698.24000,4686.49000,4692.44000,11494
2026.04.24,09:00,4699.17000,4699.49000,4689.82000,4692.99000,8109
2026.04.24,10:00,4692.87000,4700.46000,4686.44000,4694.94000,10858
2026.04.24,11:00,4694.93000,4707.47000,4690.67000,4704.60000,23353
2026.04.24,12:00,4704.58000,4711.08000,4690.15000,4699.43000,26455
2026.04.24,13:00,4699.53000,4700.48000,4672.68000,4676.52000,24835
2026.04.24,14:00,4676.51000,4678.33000,4668.49000,4671.95000,17723
2026.04.24,15:00,4671.93000,4676.99000,4657.72000,4674.52000,15381
2026.04.24,16:00,4674.55000,4687.48000,4669.49000,4686.42000,18416
2026.04.24,17:00,4686.44000,4688.13000,4666.89000,4671.72000,21169
2026.04.24,18:00,4671.71000,4695.09000,4670.86000,4694.34000,15659
2026.04.24,19:00,4694.39000,4697.38000,4684.86000,4690.76000,19835
2026.04.24,20:00,4690.77000,4696.68000,4679.13000,4681.92000,17887
2026.04.24,21:00,4681.90000,4686.09000,4674.37000,4677.71000,14805
2026.04.24,22:00,4677.75000,4717.41000,4677.74000,4706.86000,37616
2026.04.24,23:00,4706.87000,4711.78000,4690.26000,4700.59000,28802
2026.04.25,00:00,4700.60000,4717.43000,4689.60000,4711.46000,44492
2026.04.25,01:00,4711.40000,4740.41000,4706.85000,4726.38000,49912
2026.04.25,02:00,4726.41000,4733.38000,4714.79000,4727.05000,41548
2026.04.25,03:00,4726.99000,4729.68000,4719.05000,4726.77000,28259
2026.04.25,04:00,4726.83000,4729.95000,4718.97000,4723.34000,22635
2026.04.25,05:00,4723.35000,4724.93000,4716.87000,4722.79000,17728
2026.04.25,06:00,4722.80000,4726.10000,4713.51000,4716.20000,16498
2026.04.25,07:00,4716.29000,4717.50000,4705.06000,4707.41000,5652
2026.04.27,09:00,4692.82000,4699.74000,4679.78000,4684.20000,14520
2026.04.27,10:00,4684.10000,4684.72000,4674.72000,4679.63000,11050
2026.04.27,11:00,4679.65000,4698.09000,4671.77000,4697.62000,17797
2026.04.27,12:00,4697.67000,4709.74000,4690.96000,4702.55000,32136
2026.04.27,13:00,4702.61000,4723.22000,4696.21000,4718.09000,21153
2026.04.27,14:00,4718.03000,4729.53000,4714.07000,4723.99000,14841
2026.04.27,15:00,4723.98000,4729.83000,4722.49000,4724.93000,8454
2026.04.27,16:00,4724.90000,4725.49000,4708.51000,4710.19000,14835
2026.04.27,17:00,4710.23000,4715.64000,4709.17000,4712.66000,18419
2026.04.27,18:00,4712.67000,4718.25000,4709.77000,4713.35000,20181
2026.04.27,19:00,4713.37000,4714.60000,4705.41000,4706.74000,21678
2026.04.27,20:00,4706.76000,4708.23000,4699.32000,4703.58000,15398
2026.04.27,21:00,4703.59000,4710.95000,4699.53000,4708.70000,13391
2026.04.27,22:00,4708.74000,4709.10000,4700.06000,4704.82000,15968
2026.04.27,23:00,4704.83000,4712.45000,4696.97000,4699.29000,24957
2026.04.28,00:00,4699.35000,4703.53000,4689.14000,4696.02000,39872
2026.04.28,01:00,4695.96000,4696.75000,4676.54000,4678.11000,41482
2026.04.28,02:00,4678.12000,4682.56000,4667.07000,4669.99000,35679
2026.04.28,03:00,4669.88000,4679.63000,4667.20000,4676.73000,19385
2026.04.28,04:00,4676.74000,4686.18000,4668.38000,4682.09000,20930
2026.04.28,05:00,4682.10000,4685.51000,4678.81000,4680.63000,14503
2026.04.28,06:00,4680.60000,4682.69000,4676.56000,4680.80000,12995
2026.04.28,07:00,4680.83000,4682.29000,4677.27000,4681.97000,4651
2026.04.28,09:00,4683.62000,4690.95000,4681.95000,4687.95000,7716
2026.04.28,10:00,4687.94000,4695.24000,4686.89000,4691.60000,6007
2026.04.28,11:00,4691.65000,4701.33000,4690.32000,4690.52000,13777
2026.04.28,12:00,4690.34000,4691.46000,4669.25000,4670.56000,21820
2026.04.28,13:00,4670.22000,4679.79000,4666.19000,4669.16000,17036
2026.04.28,14:00,4669.15000,4675.83000,4668.00000,4671.09000,11358
2026.04.28,15:00,4671.02000,4671.37000,4666.52000,4667.70000,7594
2026.04.28,16:00,4667.71000,4668.06000,4623.50000,4632.25000,27032
2026.04.28,17:00,4632.26000,4642.95000,4623.15000,4628.97000,27360
2026.04.28,18:00,4629.02000,4639.21000,4620.56000,4632.92000,24911
2026.04.28,19:00,4633.23000,4635.39000,4614.37000,4629.52000,27321
2026.04.28,20:00,4629.50000,4630.06000,4604.63000,4604.88000,27363
2026.04.28,21:00,4604.83000,4616.43000,4603.17000,4603.17000,20915
2026.04.28,22:00,4602.64000,4608.88000,4555.52000,4562.49000,35921
2026.04.28,23:00,4562.48000,4600.09000,4554.84000,4593.34000,40037
2026.04.29,00:00,4593.32000,4594.30000,4570.81000,4580.32000,53765
2026.04.29,01:00,4580.29000,4580.54000,4557.11000,4574.38000,56733
2026.04.29,02:00,4574.41000,4586.36000,4566.87000,4586.24000,44980
2026.04.29,03:00,4586.21000,4594.69000,4577.69000,4592.20000,29753
2026.04.29,04:00,4592.22000,4601.39000,4587.05000,4594.75000,23264
2026.04.29,05:00,4594.76000,4600.59000,4591.87000,4594.31000,19753
2026.04.29,06:00,4594.32000,4600.05000,4593.27000,4595.39000,16862
2026.04.29,07:00,4595.40000,4598.64000,4591.09000,4595.51000,8700
2026.04.29,09:00,4598.87000,4599.10000,4592.04000,4593.82000,5115
2026.04.29,10:00,4594.11000,4596.12000,4587.51000,4595.60000,6958
2026.04.29,11:00,4595.59000,4610.13000,4594.86000,4600.24000,15529
2026.04.29,12:00,4600.23000,4600.49000,4575.63000,4584.73000,31171
2026.04.29,13:00,4584.75000,4604.11000,4584.75000,4593.67000,19508
2026.04.29,14:00,4593.65000,4603.08000,4592.09000,4595.66000,12424
2026.04.29,15:00,4595.69000,4605.70000,4595.22000,4604.94000,8077
2026.04.29,16:00,4604.92000,4607.66000,4590.73000,4591.13000,13373
2026.04.29,17:00,4591.12000,4598.63000,4580.74000,4584.41000,21350
2026.04.29,18:00,4584.45000,4588.77000,4567.24000,4567.72000,25216
2026.04.29,19:00,4567.97000,4576.68000,4557.18000,4573.11000,26332
2026.04.29,20:00,4572.82000,4580.78000,4551.43000,4555.69000,24757
2026.04.29,21:00,4555.68000,4576.55000,4554.99000,4569.74000,18877
2026.04.29,22:00,4569.69000,4572.03000,4559.05000,4561.58000,21769
2026.04.29,23:00,4561.57000,4568.99000,4541.81000,4544.85000,26110
2026.04.30,00:00,4544.88000,4553.32000,4509.97000,4521.62000,48513
2026.04.30,01:00,4521.61000,4542.65000,4517.42000,4539.43000,47281
2026.04.30,02:00,4539.39000,4558.89000,4536.10000,4547.57000,43002
2026.04.30,03:00,4547.52000,4564.87000,4543.29000,4545.34000,34349
2026.04.30,04:00,4545.41000,4554.46000,4541.50000,4546.60000,29996
2026.04.30,05:00,4547.45000,4552.52000,4518.07000,4538.05000,50346
2026.04.30,06:00,4538.03000,4550.67000,4533.20000,4546.91000,34936
2026.04.30,07:00,4546.94000,4553.60000,4541.07000,4544.16000,24477
2026.04.30,09:00,4542.61000,4552.56000,4538.96000,4551.70000,8851
2026.04.30,10:00,4551.67000,4562.07000,4549.30000,4561.53000,8362
2026.04.30,11:00,4561.48000,4574.12000,4556.30000,4569.84000,24399
2026.04.30,12:00,4569.88000,4582.39000,4564.52000,4579.02000,25229
2026.04.30,13:00,4579.01000,4581.92000,4559.93000,4564.93000,21586
2026.04.30,14:00,4564.92000,4569.08000,4555.51000,4555.82000,15836
2026.04.30,15:00,4555.81000,4556.97000,4540.72000,4541.94000,18438
2026.04.30,16:00,4541.88000,4569.70000,4541.76000,4562.59000,20357
2026.04.30,17:00,4562.61000,4591.51000,4560.03000,4589.41000,27004
2026.04.30,18:00,4589.58000,4605.45000,4584.66000,4598.45000,24172
2026.04.30,19:00,4598.46000,4629.58000,4597.29000,4616.26000,29206
2026.04.30,20:00,4615.94000,4631.87000,4614.21000,4625.15000,26705
2026.04.30,21:00,4625.17000,4646.85000,4623.54000,4639.57000,28203
2026.04.30,22:00,4639.59000,4645.64000,4626.75000,4630.13000,30492
2026.04.30,23:00,4630.18000,4640.05000,4624.48000,4639.52000,26627
2026.05.01,00:00,4639.50000,4645.98000,4610.55000,4610.70000,45080
2026.05.01,01:00,4610.79000,4625.94000,4609.03000,4619.69000,61010
2026.05.01,02:00,4619.68000,4625.50000,4611.29000,4615.35000,36923
2026.05.01,03:00,4615.36000,4617.70000,4605.29000,4607.56000,21582
2026.05.01,04:00,4607.58000,4621.70000,4607.58000,4616.86000,21941
2026.05.01,05:00,4616.83000,4625.12000,4616.66000,4622.36000,16524
2026.05.01,06:00,4622.34000,4627.37000,4614.33000,4617.18000,20396
2026.05.01,07:00,4617.32000,4622.50000,4615.44000,4622.26000,11844
2026.05.01,09:00,4628.10000,4632.65000,4625.08000,4630.03000,8606
2026.05.01,10:00,4630.06000,4634.12000,4626.27000,4626.46000,7182
2026.05.01,11:00,4626.43000,4630.96000,4618.20000,4619.49000,14638
2026.05.01,12:00,4619.50000,4622.11000,4613.87000,4620.86000,9487
2026.05.01,13:00,4620.67000,4636.12000,4616.26000,4619.23000,9969
2026.05.01,14:00,4619.14000,4631.89000,4617.52000,4626.51000,8322
2026.05.01,15:00,4626.70000,4628.62000,4608.78000,4608.96000,9099
2026.05.01,16:00,4608.98000,4616.11000,4602.77000,4604.72000,9850
2026.05.01,17:00,4604.70000,4607.89000,4590.57000,4594.62000,17585
2026.05.01,18:00,4594.43000,4598.08000,4575.85000,4578.07000,18333
2026.05.01,19:00,4578.06000,4582.47000,4564.71000,4568.92000,15725
2026.05.01,20:00,4568.70000,4572.96000,4560.09000,4562.72000,13119
2026.05.01,21:00,4562.78000,4576.09000,4561.29000,4566.88000,10617
2026.05.01,22:00,4566.86000,4579.56000,4562.38000,4578.73000,16047
2026.05.01,23:00,4578.68000,4607.83000,4574.89000,4590.83000,26983
2026.05.02,00:00,4590.87000,4628.71000,4586.47000,4624.85000,35684
2026.05.02,01:00,4624.49000,4660.23000,4623.65000,4632.00000,53274
2026.05.02,02:00,4632.23000,4647.86000,4618.82000,4643.11000,36334
2026.05.02,03:00,4643.08000,4649.89000,4633.65000,4638.67000,32075
2026.05.02,04:00,4638.69000,4642.66000,4626.71000,4629.39000,19477
2026.05.02,05:00,4629.41000,4630.61000,4613.63000,4624.36000,23156
2026.05.02,06:00,4624.43000,4627.72000,4608.76000,4610.79000,19132
2026.05.02,07:00,4610.75000,4615.68000,4606.79000,4613.37000,5496
2026.05.04,09:00,4619.56000,4629.36000,4612.50000,4618.92000,12995
2026.05.04,10:00,4618.95000,4620.67000,4611.08000,4613.55000,12237
2026.05.04,11:00,4613.49000,4616.38000,4601.58000,4612.79000,18662
2026.05.04,12:00,4612.73000,4613.96000,4592.55000,4612.90000,16639
2026.05.04,13:00,4612.89000,4618.69000,4590.79000,4605.68000,14871
2026.05.04,14:00,4605.61000,4617.11000,4598.23000,4615.03000,14074
2026.05.04,15:00,4615.04000,4615.49000,4605.17000,4605.98000,10444
2026.05.04,16:00,4605.96000,4612.86000,4592.00000,4599.02000,16459
2026.05.04,17:00,4598.90000,4600.68000,4583.81000,4588.64000,21064
2026.05.04,18:00,4588.56000,4593.39000,4577.71000,4579.03000,21010
2026.05.04,19:00,4579.09000,4581.39000,4573.52000,4576.68000,20385
2026.05.04,20:00,4576.90000,4584.59000,4571.77000,4575.41000,12660
2026.05.04,21:00,4575.40000,4575.88000,4526.11000,4562.60000,44769
2026.05.04,22:00,4562.76000,4570.68000,4551.17000,4560.27000,26550
2026.05.04,23:00,4560.30000,4579.26000,4558.95000,4568.22000,26149
2026.05.05,00:00,4568.24000,4575.72000,4555.33000,4563.70000,41714
2026.05.05,01:00,4563.66000,4583.14000,4553.17000,4561.50000,42400
2026.05.05,02:00,4561.72000,4566.03000,4512.33000,4521.21000,57563
2026.05.05,03:00,4521.32000,4526.89000,4500.45000,4510.64000,44109
2026.05.05,04:00,4510.71000,4531.53000,4510.71000,4522.27000,29017
2026.05.05,05:00,4522.35000,4525.37000,4509.76000,4516.11000,21356
2026.05.05,06:00,4515.99000,4527.23000,4511.23000,4517.50000,24711
2026.05.05,07:00,4517.49000,4523.50000,4511.54000,4521.82000,7117
2026.05.05,09:00,4523.25000,4524.31000,4515.26000,4517.51000,5611
2026.05.05,10:00,4517.16000,4521.57000,4515.67000,4519.06000,4725
2026.05.05,11:00,4519.19000,4530.33000,4513.14000,4529.58000,13855
2026.05.05,12:00,4529.64000,4542.03000,4525.41000,4541.03000,13955
2026.05.05,13:00,4541.07000,4546.82000,4534.39000,4539.03000,9467
2026.05.05,14:00,4538.95000,4542.73000,4532.25000,4534.62000,6984
2026.05.05,15:00,4534.55000,4536.48000,4527.82000,4533.63000,7268
2026.05.05,16:00,4533.52000,4551.73000,4531.09000,4545.75000,12627
2026.05.05,17:00,4545.77000,4551.85000,4533.59000,4548.07000,17174
2026.05.05,18:00,4548.19000,4558.30000,4543.33000,4545.62000,18361
2026.05.05,19:00,4545.63000,4559.45000,4545.41000,4558.33000,17843
2026.05.05,20:00,4558.32000,4560.36000,4550.94000,4556.13000,13895
2026.05.05,21:00,4556.15000,4556.87000,4540.16000,4543.71000,13867
2026.05.05,22:00,4543.72000,4564.94000,4539.79000,4562.85000,21128
2026.05.05,23:00,4562.86000,4574.24000,4554.11000,4564.56000,25154
2026.05.06,00:00,4564.33000,4584.92000,4564.30000,4578.87000,31996
2026.05.06,01:00,4578.72000,4586.70000,4565.61000,4582.35000,36421
2026.05.06,02:00,4582.37000,4583.81000,4568.26000,4568.47000,24265
2026.05.06,03:00,4568.50000,4569.00000,4553.56000,4561.19000,19605
2026.05.06,04:00,4561.20000,4562.69000,4553.30000,4559.87000,15970
2026.05.06,05:00,4559.94000,4565.76000,4557.52000,4560.89000,12655
2026.05.06,06:00,4561.00000,4561.53000,4551.47000,4555.16000,12757
2026.05.06,07:00,4555.06000,4560.08000,4553.88000,4556.50000,6586
2026.05.06,09:00,4558.13000,4576.87000,4545.95000,4573.31000,10835
2026.05.06,10:00,4573.30000,4595.62000,4569.23000,4593.96000,16297
2026.05.06,11:00,4593.93000,4619.96000,4587.98000,4618.61000,20881
2026.05.06,12:00,4618.62000,4628.75000,4609.37000,4625.76000,21676
2026.05.06,13:00,4625.61000,4641.85000,4625.13000,4640.91000,13400
2026.05.06,14:00,4640.89000,4652.03000,4638.34000,4643.72000,12251
2026.05.06,15:00,4643.52000,4653.47000,4643.23000,4649.05000,10614
2026.05.06,16:00,4649.06000,4663.87000,4644.43000,4663.09000,13702
2026.05.06,17:00,4663.08000,4669.67000,4656.98000,4669.27000,19048
2026.05.06,18:00,4669.30000,4681.85000,4657.30000,4681.06000,18586
2026.05.06,19:00,4681.24000,4702.79000,4671.67000,4700.10000,24872
2026.05.06,20:00,4700.16000,4708.52000,4689.09000,4701.63000,30428
2026.05.06,21:00,4701.64000,4723.09000,4695.43000,4717.79000,31838
2026.05.06,22:00,4717.80000,4721.27000,4690.92000,4691.84000,33131
2026.05.06,23:00,4691.82000,4692.99000,4660.28000,4683.01000,36130
2026.05.07,00:00,4683.05000,4707.65000,4668.76000,4702.03000,44797
2026.05.07,01:00,4701.77000,4717.49000,4697.63000,4703.06000,44281
2026.05.07,02:00,4702.90000,4705.79000,4687.74000,4687.82000,30972
2026.05.07,03:00,4687.72000,4692.01000,4679.53000,4683.01000,27199
2026.05.07,04:00,4683.00000,4688.06000,4679.02000,4684.11000,20288
2026.05.07,05:00,4684.10000,4690.53000,4681.85000,4686.09000,13456
2026.05.07,06:00,4686.11000,4700.08000,4685.98000,4692.46000,15990
2026.05.07,07:00,4692.52000,4699.48000,4685.17000,4691.11000,9867
2026.05.07,09:00,4695.03000,4700.05000,4689.15000,4694.81000,8702
2026.05.07,10:00,4694.80000,4699.41000,4689.99000,4699.03000,7432
2026.05.07,11:00,4698.68000,4701.19000,4685.15000,4688.68000,19571
2026.05.07,12:00,4688.72000,4721.53000,4684.94000,4714.81000,25017
2026.05.07,13:00,4714.80000,4718.67000,4699.75000,4707.03000,16982
2026.05.07,14:00,4706.96000,4709.67000,4699.01000,4699.25000,10756
2026.05.07,15:00,4699.22000,4700.96000,4692.09000,4696.47000,8880
2026.05.07,16:00,4696.40000,4706.60000,4694.40000,4701.07000,11856
2026.05.07,17:00,4701.09000,4749.93000,4700.83000,4739.24000,22727
2026.05.07,18:00,4739.20000,4750.60000,4731.43000,4743.21000,27698
2026.05.07,19:00,4743.11000,4753.44000,4730.59000,4731.00000,23861
2026.05.07,20:00,4731.03000,4739.38000,4721.65000,4729.13000,18763
2026.05.07,21:00,4729.12000,4739.65000,4726.51000,4735.64000,15882
2026.05.07,22:00,4735.65000,4743.66000,4727.24000,4742.74000,19036
2026.05.07,23:00,4742.81000,4752.63000,4733.18000,4750.15000,27515
2026.05.08,00:00,4749.84000,4758.03000,4731.13000,4746.10000,41044
2026.05.08,01:00,4746.01000,4763.38000,4740.88000,4762.57000,35702
2026.05.08,02:00,4762.56000,4764.78000,4726.32000,4729.13000,40792
2026.05.08,03:00,4729.14000,4729.62000,4704.08000,4715.04000,47160
2026.05.08,04:00,4715.03000,4719.61000,4687.83000,4711.43000,47608
2026.05.08,05:00,4711.33000,4716.09000,4695.43000,4709.55000,40474
2026.05.08,06:00,4709.57000,4712.95000,4697.69000,4702.87000,36586
2026.05.08,07:00,4702.90000,4719.00000,4684.58000,4685.50000,22480
2026.05.08,09:00,4686.89000,4699.48000,4681.53000,4685.52000,13666
2026.05.08,10:00,4685.60000,4705.48000,4684.24000,4704.14000,9506
2026.05.08,11:00,4704.15000,4709.38000,4693.84000,4701.23000,19523
2026.05.08,12:00,4701.03000,4725.52000,4700.80000,4722.74000,24035
2026.05.08,13:00,4722.76000,4732.69000,4706.82000,4713.47000,22268
2026.05.08,14:00,4713.46000,4731.02000,4711.03000,4719.51000,14464
2026.05.08,15:00,4719.63000,4723.28000,4708.70000,4711.09000,12208
2026.05.08,16:00,4711.17000,4731.10000,4709.34000,4727.30000,17795
2026.05.08,17:00,4726.94000,4734.63000,4712.47000,4725.56000,24997
2026.05.08,18:00,4725.36000,4726.44000,4696.67000,4707.72000,26065
2026.05.08,19:00,4707.73000,4723.55000,4706.59000,4715.65000,19913
2026.05.08,20:00,4715.66000,4722.83000,4707.40000,4711.68000,16819
2026.05.08,21:00,4711.74000,4727.96000,4710.98000,4719.66000,14357
2026.05.08,22:00,4719.85000,4727.34000,4713.62000,4717.73000,16864
2026.05.08,23:00,4717.79000,4731.97000,4702.75000,4724.24000,32161
2026.05.09,00:00,4724.26000,4747.77000,4716.09000,4747.55000,40175
2026.05.09,01:00,4747.52000,4749.22000,4713.29000,4715.85000,43735
2026.05.09,02:00,4715.77000,4720.92000,4701.96000,4707.09000,34771
2026.05.09,03:00,4707.10000,4720.26000,4705.51000,4712.49000,20576
2026.05.09,04:00,4712.48000,4722.71000,4712.20000,4720.74000,14389
2026.05.09,05:00,4720.84000,4728.95000,4719.83000,4721.93000,15348
2026.05.09,06:00,4721.81000,4726.87000,4720.83000,4723.93000,11943
2026.05.09,07:00,4723.94000,4724.23000,4714.89000,4715.93000,3877
2026.05.11,09:00,4700.88000,4700.97000,4678.59000,4691.79000,14529
2026.05.11,10:00,4691.63000,4698.79000,4688.40000,4691.66000,9460
2026.05.11,11:00,4691.42000,4693.39000,4669.80000,4683.08000,20703
2026.05.11,12:00,4683.03000,4705.59000,4674.26000,4685.42000,32257
2026.05.11,13:00,4685.41000,4700.23000,4676.45000,4681.71000,19349
2026.05.11,14:00,4681.38000,4690.44000,4675.29000,4678.45000,13948
2026.05.11,15:00,4678.67000,4679.59000,4668.21000,4672.08000,11200
2026.05.11,16:00,4671.95000,4680.83000,4647.66000,4652.17000,17896
2026.05.11,17:00,4652.11000,4680.46000,4649.18000,4678.51000,19956
2026.05.11,18:00,4678.49000,4680.33000,4664.10000,4667.59000,14135
2026.05.11,19:00,4667.57000,4678.73000,4664.14000,4667.65000,16611
2026.05.11,20:00,4667.60000,4670.05000,4650.47000,4656.90000,14127
2026.05.11,21:00,4656.89000,4667.50000,4656.42000,4664.27000,13408
2026.05.11,22:00,4664.38000,4677.31000,4664.17000,4674.53000,15145
2026.05.11,23:00,4674.34000,4701.06000,4667.36000,4700.07000,27522
2026.05.12,00:00,4700.08000,4748.53000,4698.58000,4735.72000,42238
2026.05.12,01:00,4735.69000,4738.15000,4714.98000,4725.49000,37218
2026.05.12,02:00,4725.39000,4738.24000,4722.80000,4732.03000,26162
2026.05.12,03:00,4732.12000,4733.63000,4707.96000,4716.34000,23414
2026.05.12,04:00,4716.32000,4724.66000,4715.84000,4723.73000,18316
2026.05.12,05:00,4723.74000,4729.34000,4720.95000,4724.91000,15337
2026.05.12,06:00,4725.15000,4736.22000,4722.43000,4733.68000,15509
2026.05.12,07:00,4733.55000,4738.53000,4729.87000,4735.26000,6091
2026.05.12,09:00,4739.86000,4755.28000,4737.16000,4750.88000,9299
2026.05.12,10:00,4750.93000,4770.27000,4745.84000,4767.21000,13750
2026.05.12,11:00,4767.20000,4773.45000,4748.40000,4749.28000,22609
2026.05.12,12:00,4749.01000,4755.47000,4720.17000,4727.10000,36675
2026.05.12,13:00,4727.12000,4733.94000,4721.97000,4730.13000,25315
2026.05.12,14:00,4730.05000,4733.43000,4717.91000,4720.24000,16623
2026.05.12,15:00,4720.23000,4730.47000,4710.74000,4713.96000,14150
2026.05.12,16:00,4713.90000,4722.29000,4708.58000,4713.92000,20992
2026.05.12,17:00,4713.73000,4714.00000,4694.47000,4696.90000,25878
2026.05.12,18:00,4697.24000,4703.77000,4686.70000,4699.76000,21262
2026.05.12,19:00,4699.74000,4706.78000,4697.10000,4703.29000,17921
2026.05.12,20:00,4703.19000,4705.06000,4694.06000,4699.46000,17537
2026.05.12,21:00,4699.47000,4708.50000,4684.50000,4694.44000,17698
2026.05.12,22:00,4694.38000,4709.09000,4687.02000,4706.43000,21112
2026.05.12,23:00,4706.45000,4711.44000,4689.33000,4705.59000,28443
2026.05.13,00:00,4705.52000,4708.81000,4676.54000,4679.13000,46101
2026.05.13,01:00,4678.98000,4694.92000,4669.04000,4672.89000,44747
2026.05.13,02:00,4672.82000,4676.07000,4637.91000,4666.00000,45093
2026.05.13,03:00,4666.44000,4675.03000,4664.24000,4671.22000,26737
2026.05.13,04:00,4671.42000,4682.27000,4671.22000,4678.81000,20137
2026.05.13,05:00,4678.85000,4698.09000,4676.22000,4695.86000,21403
2026.05.13,06:00,4695.87000,4715.74000,4695.87000,4715.65000,17574
2026.05.13,07:00,4715.51000,4719.40000,4711.89000,4714.33000,9045
2026.05.13,09:00,4716.07000,4722.41000,4711.76000,4716.87000,8234
2026.05.13,10:00,4716.61000,4723.99000,4714.64000,4717.01000,12792
2026.05.13,11:00,4717.16000,4726.26000,4714.09000,4714.92000,21338
2026.05.13,12:00,4714.94000,4717.25000,4700.95000,4702.51000,27268
2026.05.13,13:00,4702.42000,4707.53000,4687.28000,4691.97000,22052
2026.05.13,14:00,4691.94000,4705.82000,4688.96000,4696.04000,15301
2026.05.13,15:00,4696.02000,4703.34000,4695.35000,4699.48000,10736
2026.05.13,16:00,4699.46000,4707.31000,4693.41000,4704.21000,20093
2026.05.13,17:00,4703.89000,4715.30000,4698.99000,4701.89000,20977
2026.05.13,18:00,4701.94000,4708.88000,4696.87000,4702.73000,17380
2026.05.13,19:00,4702.50000,4704.17000,4694.32000,4700.60000,16387
2026.05.13,20:00,4700.61000,4701.93000,4685.83000,4700.98000,16178
2026.05.13,21:00,4700.99000,4710.65000,4693.66000,4694.18000,17670
2026.05.13,22:00,4694.17000,4705.49000,4691.49000,4697.38000,19026
2026.05.13,23:00,4697.29000,4701.57000,4675.81000,4683.75000,34691
2026.05.14,00:00,4683.45000,4694.60000,4669.46000,4679.39000,45622
2026.05.14,01:00,4679.25000,4690.85000,4672.89000,4679.76000,45114
2026.05.14,02:00,4680.14000,4699.92000,4678.87000,4695.43000,30233
2026.05.14,03:00,4695.50000,4709.88000,4694.97000,4695.73000,24197
2026.05.14,04:00,4695.74000,4701.23000,4684.46000,4685.71000,19668
2026.05.14,05:00,4685.56000,4694.01000,4677.40000,4684.99000,18805
2026.05.14,06:00,4685.02000,4690.40000,4683.29000,4688.15000,17025
2026.05.14,07:00,4688.00000,4693.23000,4685.93000,4687.55000,6428
2026.05.14,09:00,4692.49000,4700.53000,4688.60000,4699.89000,7554
2026.05.14,10:00,4699.86000,4702.07000,4692.96000,4696.57000,6598
2026.05.14,11:00,4696.56000,4706.56000,4689.23000,4704.65000,18540
2026.05.14,12:00,4704.82000,4706.90000,4683.55000,4688.80000,36580
2026.05.14,13:00,4688.88000,4699.71000,4679.65000,4686.41000,23741
2026.05.14,14:00,4686.25000,4693.22000,4673.93000,4675.05000,19855
2026.05.14,15:00,4675.12000,4712.53000,4668.01000,4702.28000,15755
2026.05.14,16:00,4702.29000,4704.11000,4689.07000,4689.95000,19210
2026.05.14,17:00,4689.91000,4702.48000,4686.07000,4700.03000,22373
2026.05.14,18:00,4699.85000,4718.65000,4690.73000,4693.23000,22735
2026.05.14,19:00,4693.24000,4706.61000,4691.83000,4693.32000,21621
2026.05.14,20:00,4693.43000,4702.52000,4688.12000,4699.50000,18670
2026.05.14,21:00,4699.54000,4705.38000,4691.07000,4696.89000,19210
2026.05.14,22:00,4696.88000,4704.84000,4689.39000,4693.94000,18262
2026.05.14,23:00,4693.59000,4710.04000,4692.24000,4704.76000,23323
2026.05.15,00:00,4704.79000,4707.77000,4666.28000,4679.65000,42454
2026.05.15,01:00,4679.48000,4700.87000,4677.26000,4679.44000,37468
2026.05.15,02:00,4679.55000,4689.49000,4677.03000,4685.46000,25358
2026.05.15,03:00,4685.48000,4686.53000,4670.43000,4678.54000,21313
2026.05.15,04:00,4678.65000,4682.90000,4676.31000,4678.21000,20740
2026.05.15,05:00,4678.30000,4678.37000,4666.78000,4671.57000,15640
2026.05.15,06:00,4671.79000,4671.79000,4652.99000,4654.21000,16706
2026.05.15,07:00,4654.24000,4656.97000,4644.24000,4650.02000,9695
2026.05.15,09:00,4650.12000,4662.70000,4646.98000,4662.37000,9179
2026.05.15,10:00,4662.20000,4665.36000,4646.51000,4651.80000,14255
2026.05.15,11:00,4651.88000,4657.98000,4613.36000,4630.06000,32223
2026.05.15,12:00,4630.07000,4631.32000,4607.18000,4614.20000,46219
2026.05.15,13:00,4614.21000,4623.41000,4609.32000,4618.11000,31335
2026.05.15,14:00,4618.10000,4622.33000,4607.51000,4615.29000,21291
2026.05.15,15:00,4615.30000,4621.38000,4604.24000,4606.17000,17487
2026.05.15,16:00,4606.18000,4606.46000,4557.44000,4558.47000,40121
2026.05.15,17:00,4558.41000,4580.38000,4556.10000,4569.80000,37877
2026.05.15,18:00,4569.70000,4588.78000,4565.93000,4570.81000,28791
2026.05.15,19:00,4571.41000,4572.04000,4549.93000,4554.46000,32320
2026.05.15,20:00,4554.43000,4563.71000,4531.92000,4545.76000,32106
2026.05.15,21:00,4545.85000,4572.63000,4544.16000,4565.98000,31185
2026.05.15,22:00,4565.80000,4570.21000,4549.82000,4552.01000,27568
2026.05.15,23:00,4551.99000,4558.74000,4543.58000,4545.95000,32024
2026.05.16,00:00,4545.91000,4557.47000,4510.51000,4533.37000,52506
2026.05.16,01:00,4533.16000,4566.41000,4525.21000,4562.64000,57744
2026.05.16,02:00,4562.73000,4563.57000,4533.71000,4540.00000,44963
2026.05.16,03:00,4539.79000,4548.14000,4529.24000,4544.33000,31410
2026.05.16,04:00,4544.35000,4564.33000,4543.12000,4559.45000,29024
2026.05.16,05:00,4559.59000,4562.90000,4552.40000,4559.24000,25150
2026.05.16,06:00,4559.30000,4560.19000,4544.89000,4545.88000,22827
2026.05.16,07:00,4545.92000,4546.42000,4532.83000,4539.99000,9258
2026.05.18,09:00,4531.13000,4554.75000,4528.80000,4546.05000,15793
2026.05.18,10:00,4545.65000,4547.70000,4531.54000,4536.76000,18616
2026.05.18,11:00,4536.72000,4542.41000,4479.99000,4514.37000,46152
2026.05.18,12:00,4514.47000,4535.59000,4489.11000,4525.55000,54477
2026.05.18,13:00,4525.21000,4542.61000,4521.77000,4533.35000,31185
2026.05.18,14:00,4533.56000,4547.80000,4524.91000,4541.16000,29123
2026.05.18,15:00,4541.12000,4549.71000,4530.09000,4540.60000,23278
2026.05.18,16:00,4540.58000,4551.68000,4529.65000,4531.09000,30468
2026.05.18,17:00,4530.69000,4548.22000,4529.71000,4546.71000,28179
2026.05.18,18:00,4546.70000,4559.82000,4538.00000,4546.15000,27603
2026.05.18,19:00,4546.18000,4557.07000,4542.31000,4549.80000,21636
2026.05.18,20:00,4549.77000,4551.99000,4540.37000,4543.03000,19042
2026.05.18,21:00,4543.04000,4547.52000,4531.96000,4540.23000,19238
2026.05.18,22:00,4540.15000,4566.81000,4529.69000,4550.70000,32672
2026.05.18,23:00,4550.74000,4574.85000,4545.30000,4571.25000,33856
2026.05.19,00:00,4571.12000,4584.23000,4561.67000,4575.56000,46224
2026.05.19,01:00,4575.48000,4575.48000,4537.60000,4546.38000,54321
2026.05.19,02:00,4546.41000,4547.98000,4531.55000,4543.52000,41762
2026.05.19,03:00,4543.60000,4554.53000,4533.79000,4550.02000,32565
2026.05.19,04:00,4549.94000,4558.22000,4545.44000,4546.86000,26644
2026.05.19,05:00,4546.87000,4547.85000,4534.08000,4535.73000,24410
2026.05.19,06:00,4535.74000,4564.59000,4535.14000,4558.39000,38517
2026.05.19,07:00,4558.43000,4566.83000,4557.80000,4566.83000,8337
2026.05.19,09:00,4568.32000,4578.28000,4566.95000,4573.56000,8115
2026.05.19,10:00,4573.55000,4588.98000,4573.39000,4581.79000,10458
2026.05.19,11:00,4581.80000,4589.44000,4561.37000,4562.70000,23866
2026.05.19,12:00,4562.96000,4572.44000,4553.76000,4563.42000,30744
2026.05.19,13:00,4563.70000,4563.70000,4545.48000,4547.16000,25822
2026.05.19,14:00,4546.85000,4554.95000,4543.65000,4544.96000,17908
2026.05.19,15:00,4544.98000,4545.63000,4537.83000,4542.08000,15616
2026.05.19,16:00,4542.57000,4546.44000,4530.72000,4540.45000,25483
2026.05.19,17:00,4540.47000,4553.94000,4533.36000,4547.94000,26965
2026.05.19,18:00,4547.93000,4559.33000,4541.36000,4557.05000,22936
2026.05.19,19:00,4557.33000,4559.06000,4536.18000,4542.73000,20464
2026.05.19,20:00,4542.71000,4546.82000,4535.93000,4541.66000,20848
2026.05.19,21:00,4541.63000,4544.65000,4525.52000,4544.65000,21063
2026.05.19,22:00,4544.49000,4547.85000,4529.76000,4530.73000,21721
2026.05.19,23:00,4530.69000,4547.12000,4527.37000,4537.03000,23271
2026.05.20,00:00,4537.09000,4537.45000,4464.51000,4503.61000,58355
2026.05.20,01:00,4503.53000,4514.04000,4484.41000,4494.02000,58374
2026.05.20,02:00,4494.01000,4509.31000,4489.64000,4508.40000,38681
2026.05.20,03:00,4508.42000,4512.43000,4496.31000,4507.76000,27648
2026.05.20,04:00,4507.79000,4511.09000,4499.09000,4500.69000,24530
2026.05.20,05:00,4500.70000,4503.75000,4490.14000,4493.51000,23407
2026.05.20,06:00,4493.47000,4497.62000,4481.06000,4483.39000,22825
2026.05.20,07:00,4483.17000,4488.15000,4480.82000,4482.10000,7504
2026.05.20,09:00,4481.89000,4485.92000,4477.22000,4483.94000,8718
2026.05.20,10:00,4484.17000,4496.51000,4479.44000,4489.02000,11053
2026.05.20,11:00,4489.40000,4508.86000,4479.36000,4500.82000,34216
2026.05.20,12:00,4500.78000,4506.09000,4455.70000,4480.99000,46429
2026.05.20,13:00,4481.00000,4487.01000,4458.28000,4465.44000,33679
2026.05.20,14:00,4465.42000,4467.19000,4453.18000,4463.74000,24211
2026.05.20,15:00,4463.75000,4470.65000,4456.47000,4462.12000,20041
2026.05.20,16:00,4462.09000,4479.18000,4461.69000,4472.75000,25807
2026.05.20,17:00,4472.72000,4478.30000,4461.45000,4474.23000,29315
2026.05.20,18:00,4474.24000,4486.01000,4471.78000,4478.62000,25677
2026.05.20,19:00,4478.60000,4490.16000,4476.61000,4483.69000,27657
2026.05.20,20:00,4483.68000,4491.17000,4472.46000,4484.75000,20061
2026.05.20,21:00,4484.72000,4496.98000,4484.50000,4494.45000,16093
2026.05.20,22:00,4494.43000,4501.06000,4490.75000,4499.06000,18221
2026.05.20,23:00,4499.05000,4505.33000,4492.90000,4496.18000,24347
2026.05.21,00:00,4496.16000,4506.16000,4482.00000,4482.99000,42191
2026.05.21,01:00,4482.91000,4537.23000,4466.97000,4531.24000,61688
2026.05.21,02:00,4531.25000,4552.66000,4523.04000,4529.11000,49698
2026.05.21,03:00,4529.18000,4535.44000,4524.04000,4534.35000,30536
2026.05.21,04:00,4534.36000,4538.17000,4529.84000,4531.07000,27237
2026.05.21,05:00,4531.13000,4545.11000,4528.91000,4542.27000,24128
2026.05.21,06:00,4542.32000,4550.24000,4541.65000,4545.55000,18609
2026.05.21,07:00,4545.48000,4550.39000,4542.09000,4543.11000,11891
2026.05.21,09:00,4547.17000,4547.19000,4534.98000,4539.99000,12351
2026.05.21,10:00,4540.01000,4547.17000,4534.43000,4546.49000,9609
2026.05.21,11:00,4546.57000,4553.34000,4537.17000,4544.86000,23722
2026.05.21,12:00,4545.23000,4570.70000,4539.54000,4560.62000,31415
2026.05.21,13:00,4560.60000,4564.61000,4531.43000,4532.79000,24879
2026.05.21,14:00,4532.78000,4540.13000,4527.15000,4528.27000,16341
2026.05.21,15:00,4528.28000,4540.51000,4527.06000,4538.45000,11484
2026.05.21,16:00,4538.48000,4540.45000,4518.07000,4528.01000,23431
2026.05.21,17:00,4528.00000,4539.92000,4518.78000,4521.58000,25717
2026.05.21,18:00,4521.52000,4524.35000,4511.69000,4519.55000,20792
2026.05.21,19:00,4519.53000,4536.76000,4518.09000,4532.44000,27893
2026.05.21,20:00,4532.43000,4542.84000,4527.75000,4530.50000,22928
2026.05.21,21:00,4530.48000,4535.20000,4504.80000,4511.62000,36648
2026.05.21,22:00,4511.74000,4521.17000,4508.02000,4514.09000,24101
2026.05.21,23:00,4514.10000,4519.26000,4501.77000,4504.02000,29424
2026.05.22,00:00,4504.04000,4520.95000,4488.46000,4512.94000,50783
2026.05.22,01:00,4512.90000,4515.32000,4498.05000,4508.85000,54556
2026.05.22,02:00,4508.87000,4515.13000,4496.67000,4511.91000,42796
2026.05.22,03:00,4511.96000,4520.76000,4511.96000,4519.38000,30958
2026.05.22,04:00,4519.44000,4559.24000,4514.06000,4551.38000,53180
2026.05.22,05:00,4551.40000,4556.13000,4527.21000,4531.89000,42846
2026.05.22,06:00,4531.91000,4543.73000,4529.58000,4543.06000,28923
2026.05.22,07:00,4543.04000,4544.68000,4539.64000,4542.57000,8431
2026.05.22,09:00,4541.89000,4545.61000,4539.42000,4543.22000,9533
2026.05.22,10:00,4543.18000,4544.91000,4532.09000,4535.41000,7287
2026.05.22,11:00,4535.40000,4541.23000,4525.38000,4526.63000,19553
2026.05.22,12:00,4526.62000,4536.18000,4521.10000,4526.47000,27896
2026.05.22,13:00,4526.44000,4529.41000,4518.03000,4523.24000,19892
2026.05.22,14:00,4523.22000,4530.11000,4519.00000,4529.27000,12888
2026.05.22,15:00,4529.51000,4532.88000,4525.34000,4527.19000,11592
2026.05.22,16:00,4527.07000,4534.28000,4506.91000,4511.04000,20091
2026.05.22,17:00,4511.32000,4528.69000,4509.86000,4526.89000,28298
2026.05.22,18:00,4526.88000,4527.45000,4516.06000,4521.66000,19502
2026.05.22,19:00,4521.68000,4531.13000,4516.95000,4521.75000,25041
2026.05.22,20:00,4521.79000,4535.90000,4514.56000,4532.05000,19043
2026.05.22,21:00,4532.06000,4536.85000,4510.12000,4514.51000,18201
2026.05.22,22:00,4514.50000,4525.02000,4511.36000,4520.62000,17845
2026.05.22,23:00,4520.64000,4535.82000,4515.12000,4528.20000,30063
2026.05.23,00:00,4528.19000,4534.26000,4510.19000,4513.35000,40860
2026.05.23,01:00,4513.34000,4513.38000,4491.51000,4500.48000,45341
2026.05.23,02:00,4500.55000,4522.24000,4500.24000,4519.82000,28679
2026.05.23,03:00,4519.84000,4526.66000,4512.20000,4514.88000,22724
2026.05.23,04:00,4514.90000,4527.90000,4513.03000,4519.25000,29037
2026.05.23,05:00,4519.31000,4520.01000,4511.62000,4515.20000,19444
2026.05.23,06:00,4515.21000,4515.91000,4504.15000,4508.22000,18154
2026.05.23,07:00,4508.24000,4510.45000,4504.08000,4504.33000,4360
2026.05.25,09:00,4541.52000,4565.59000,4540.13000,4565.05000,17454
2026.05.25,10:00,4565.06000,4580.13000,4564.71000,4567.01000,12218
2026.05.25,11:00,4566.81000,4579.47000,4565.90000,4569.44000,18568
2026.05.25,12:00,4569.46000,4576.00000,4560.11000,4562.90000,24704
2026.05.25,13:00,4562.53000,4570.23000,4558.87000,4561.05000,14881
2026.05.25,14:00,4561.13000,4564.32000,4556.57000,4559.61000,12882
2026.05.25,15:00,4559.59000,4565.87000,4559.22000,4564.84000,9157
2026.05.25,16:00,4564.83000,4566.15000,4551.98000,4553.41000,12753
2026.05.25,17:00,4553.38000,4563.30000,4550.37000,4562.46000,16768
2026.05.25,18:00,4562.75000,4565.11000,4552.34000,4564.64000,15560
2026.05.25,19:00,4564.61000,4564.84000,4553.08000,4556.00000,9429
2026.05.25,20:00,4556.01000,4569.15000,4554.84000,4567.56000,8396
2026.05.25,21:00,4567.57000,4573.58000,4567.56000,4568.56000,9393
2026.05.25,22:00,4568.54000,4576.97000,4567.45000,4569.25000,10035
2026.05.25,23:00,4569.23000,4570.26000,4552.94000,4567.69000,15516
2026.05.26,00:00,4567.58000,4571.23000,4560.12000,4563.04000,17263
2026.05.26,01:00,4563.05000,4570.58000,4562.30000,4566.81000,14493
2026.05.26,02:00,4566.77000,4574.64000,4565.65000,4570.89000,15350
2026.05.26,03:00,4570.92000,4574.66000,4567.86000,4573.44000,8747
2026.05.26,04:00,4573.29000,4578.15000,4562.98000,4565.06000,8457
2026.05.26,05:00,4565.07000,4571.57000,4564.31000,4570.26000,3417
2026.05.26,07:00,4571.73000,4572.90000,4571.08000,4572.26000,957
2026.05.26,09:00,4572.39000,4576.54000,4569.32000,4574.74000,8572
2026.05.26,10:00,4574.76000,4580.20000,4554.74000,4559.57000,11894
2026.05.26,11:00,4559.64000,4560.23000,4539.18000,4549.17000,22747
2026.05.26,12:00,4549.47000,4550.30000,4527.45000,4536.85000,28028
2026.05.26,13:00,4536.82000,4539.50000,4530.04000,4532.37000,13605
2026.05.26,14:00,4532.34000,4545.48000,4532.07000,4542.45000,9382
2026.05.26,15:00,4542.43000,4543.13000,4523.31000,4525.49000,10402
2026.05.26,16:00,4525.44000,4535.22000,4522.96000,4527.22000,17269
2026.05.26,17:00,4527.15000,4536.14000,4526.88000,4530.85000,18433
2026.05.26,18:00,4531.09000,4539.10000,4521.63000,4538.22000,21677
2026.05.26,19:00,4538.32000,4538.91000,4519.97000,4523.78000,16033
2026.05.26,20:00,4523.80000,4526.48000,4512.07000,4522.54000,16990
2026.05.26,21:00,4522.55000,4540.57000,4519.32000,4534.26000,17981
2026.05.26,22:00,4534.30000,4536.40000,4503.33000,4507.16000,24069
2026.05.26,23:00,4507.15000,4523.61000,4500.22000,4520.24000,24487
2026.05.27,00:00,4520.25000,4531.28000,4511.91000,4513.85000,32923
2026.05.27,01:00,4513.48000,4524.95000,4507.70000,4515.29000,29583
2026.05.27,02:00,4515.32000,4515.61000,4502.40000,4506.40000,24588
2026.05.27,03:00,4506.43000,4511.37000,4499.68000,4504.90000,15950
2026.05.27,04:00,4504.95000,4507.60000,4489.85000,4491.04000,18704
2026.05.27,05:00,4490.98000,4499.42000,4481.77000,4499.05000,15235
2026.05.27,06:00,4499.07000,4509.95000,4497.60000,4508.85000,12544
2026.05.27,07:00,4508.84000,4510.49000,4503.95000,4506.59000,5247
2026.05.27,09:00,4511.64000,4513.40000,4497.06000,4510.63000,9457
2026.05.27,10:00,4510.66000,4527.40000,4503.97000,4519.62000,9763
2026.05.27,11:00,4519.24000,4525.69000,4513.71000,4515.14000,12694
2026.05.27,12:00,4515.12000,4521.05000,4506.64000,4507.88000,16662
2026.05.27,13:00,4507.91000,4509.45000,4497.77000,4505.78000,12140
2026.05.27,14:00,4505.77000,4511.74000,4496.38000,4496.62000,9139
2026.05.27,15:00,4496.60000,4517.30000,4495.49000,4509.92000,10453
2026.05.27,16:00,4509.88000,4513.79000,4491.55000,4497.36000,23579
2026.05.27,17:00,4497.37000,4499.23000,4479.37000,4485.21000,23739
2026.05.27,18:00,4485.29000,4489.40000,4475.84000,4481.99000,18040
2026.05.27,19:00,4482.01000,4498.66000,4481.35000,4497.68000,15585
2026.05.27,20:00,4497.69000,4497.69000,4486.72000,4490.02000,9913
2026.05.27,21:00,4490.01000,4490.48000,4442.49000,4445.81000,21918
2026.05.27,22:00,4446.16000,4453.35000,4424.82000,4428.60000,23314
2026.05.27,23:00,4428.58000,4466.59000,4427.36000,4438.69000,34923
2026.05.28,00:00,4438.42000,4438.91000,4401.19000,4427.38000,47821
2026.05.28,01:00,4427.40000,4455.37000,4425.96000,4433.89000,38853
2026.05.28,02:00,4433.88000,4441.61000,4428.22000,4436.43000,23937
2026.05.28,03:00,4436.38000,4453.28000,4434.18000,4450.64000,16681
2026.05.28,04:00,4450.67000,4454.28000,4441.26000,4450.38000,17351
2026.05.28,05:00,4450.33000,4458.24000,4447.76000,4454.22000,9850
2026.05.28,06:00,4454.21000,4454.80000,4448.86000,4451.01000,11047
2026.05.28,07:00,4450.80000,4458.88000,4449.89000,4455.48000,4644
2026.05.28,09:00,4463.75000,4465.78000,4454.74000,4457.06000,5697
2026.05.28,10:00,4457.08000,4457.82000,4444.01000,4446.94000,10108
2026.05.28,11:00,4446.96000,4457.76000,4443.56000,4457.03000,15601
2026.05.28,12:00,4457.04000,4458.76000,4406.60000,4409.65000,28680
2026.05.28,13:00,4409.67000,4412.57000,4392.49000,4394.37000,20719
2026.05.28,14:00,4394.42000,4397.98000,4368.21000,4374.82000,24240
2026.05.28,15:00,4374.68000,4382.19000,4366.05000,4372.81000,19560
2026.05.28,16:00,4373.03000,4395.65000,4366.98000,4387.99000,21398
2026.05.28,17:00,4388.07000,4390.34000,4374.16000,4383.35000,17307
2026.05.28,18:00,4383.51000,4396.47000,4382.70000,4387.54000,15061
2026.05.28,19:00,4387.47000,4395.00000,4385.80000,4386.90000,13698
2026.05.28,20:00,4386.77000,4399.03000,4386.21000,4393.44000,12809
2026.05.28,21:00,4393.45000,4404.20000,4374.91000,4382.95000,15000
2026.05.28,22:00,4382.99000,4390.59000,4380.90000,4388.04000,16887
2026.05.28,23:00,4388.02000,4433.78000,4379.49000,4432.10000,22111
2026.05.29,00:00,4432.12000,4439.02000,4417.97000,4430.12000,34784
2026.05.29,01:00,4430.21000,4480.33000,4420.36000,4469.77000,50873
2026.05.29,02:00,4469.78000,4484.88000,4468.66000,4482.09000,29530
2026.05.29,03:00,4482.13000,4511.01000,4477.82000,4510.97000,24722
2026.05.29,04:00,4510.99000,4514.52000,4501.11000,4508.79000,19841
2026.05.29,05:00,4508.80000,4516.43000,4498.38000,4501.35000,16030
2026.05.29,06:00,4501.32000,4503.66000,4497.16000,4497.73000,11672
2026.05.29,07:00,4497.68000,4500.69000,4494.35000,4495.40000,6333
2026.05.29,09:00,4498.73000,4498.73000,4490.91000,4491.38000,7566
2026.05.29,10:00,4491.41000,4497.05000,4489.10000,4495.18000,8888
2026.05.29,11:00,4495.36000,4500.53000,4492.19000,4496.17000,16325
2026.05.29,12:00,4496.20000,4520.80000,4492.53000,4506.26000,25137
2026.05.29,13:00,4506.23000,4511.14000,4498.26000,4501.59000,14351
2026.05.29,14:00,4501.55000,4501.86000,4494.75000,4501.45000,13645
2026.05.29,15:00,4501.42000,4514.98000,4501.22000,4513.98000,10031
2026.05.29,16:00,4513.93000,4515.69000,4502.55000,4515.03000,11870
2026.05.29,17:00,4514.98000,4524.06000,4509.89000,4523.70000,18553
2026.05.29,18:00,4523.59000,4526.18000,4510.81000,4524.78000,15543
2026.05.29,19:00,4524.77000,4524.94000,4510.00000,4515.08000,13114
2026.05.29,20:00,4515.09000,4539.82000,4513.18000,4531.11000,15019
2026.05.29,21:00,4531.10000,4543.13000,4525.44000,4538.55000,13257
2026.05.29,22:00,4538.53000,4540.41000,4525.84000,4538.35000,14346
2026.05.29,23:00,4538.37000,4538.54000,4512.59000,4523.02000,20395
2026.05.30,00:00,4523.15000,4540.66000,4517.03000,4536.65000,28425
2026.05.30,01:00,4536.60000,4570.57000,4525.34000,4563.88000,40909
2026.05.30,02:00,4563.96000,4595.29000,4557.67000,4571.15000,38840
2026.05.30,03:00,4571.14000,4573.46000,4559.84000,4566.78000,21448
2026.05.30,04:00,4566.88000,4568.39000,4551.45000,4553.39000,20191
2026.05.30,05:00,4553.41000,4561.52000,4550.70000,4553.32000,16091
2026.05.30,06:00,4553.08000,4560.11000,4542.82000,4545.70000,16856
2026.05.30,07:00,4545.72000,4549.10000,4541.01000,4543.27000,5420
2026.06.01,09:00,4521.63000,4540.41000,4517.68000,4535.24000,12196
2026.06.01,10:00,4535.43000,4545.86000,4534.62000,4539.15000,9388
2026.06.01,11:00,4539.13000,4546.10000,4535.23000,4540.55000,15084
2026.06.01,12:00,4540.58000,4541.33000,4523.71000,4525.14000,19690
2026.06.01,13:00,4525.11000,4534.58000,4521.26000,4521.56000,13280
2026.06.01,14:00,4521.47000,4525.53000,4509.68000,4516.32000,12063
2026.06.01,15:00,4516.30000,4519.78000,4508.49000,4514.44000,7317
2026.06.01,16:00,4514.42000,4525.30000,4512.59000,4518.08000,12283
2026.06.01,17:00,4518.03000,4518.59000,4500.11000,4501.41000,16896
2026.06.01,18:00,4501.39000,4510.10000,4492.30000,4502.99000,14917
2026.06.01,19:00,4502.93000,4504.38000,4490.16000,4497.96000,15015
2026.06.01,20:00,4497.95000,4506.32000,4489.05000,4495.78000,12247
2026.06.01,21:00,4495.73000,4510.97000,4495.73000,4503.85000,9976
2026.06.01,22:00,4503.84000,4512.90000,4499.76000,4505.73000,10549
2026.06.01,23:00,4505.74000,4510.35000,4497.48000,4502.00000,16416
2026.06.02,00:00,4502.36000,4503.81000,4448.74000,4449.69000,47807
2026.06.02,01:00,4449.49000,4464.79000,4447.65000,4458.68000,32584
2026.06.02,02:00,4458.72000,4479.71000,4455.17000,4473.94000,23803
2026.06.02,03:00,4473.97000,4482.01000,4462.81000,4479.97000,19402
2026.06.02,04:00,4480.01000,4495.48000,4471.49000,4487.31000,24827
2026.06.02,05:00,4487.45000,4490.03000,4484.73000,4486.53000,9951
2026.06.02,06:00,4486.51000,4488.24000,4478.95000,4481.14000,11854
2026.06.02,07:00,4481.15000,4485.72000,4480.05000,4484.53000,5056
2026.06.02,09:00,4486.13000,4486.42000,4479.52000,4485.34000,5832
2026.06.02,10:00,4485.21000,4488.23000,4478.95000,4484.45000,6732
2026.06.02,11:00,4484.50000,4497.10000,4476.39000,4481.21000,17423
2026.06.02,12:00,4481.19000,4492.41000,4462.89000,4473.93000,29153
2026.06.02,13:00,4474.08000,4486.53000,4472.20000,4486.09000,16249
2026.06.02,14:00,4486.05000,4499.44000,4485.57000,4499.42000,12690
2026.06.02,15:00,4499.38000,4518.35000,4497.79000,4517.57000,10113
2026.06.02,16:00,4517.52000,4528.16000,4515.26000,4517.07000,14065
2026.06.02,17:00,4517.08000,4538.59000,4516.97000,4535.82000,15429
2026.06.02,18:00,4535.86000,4541.65000,4527.89000,4534.96000,11909
2026.06.02,19:00,4534.87000,4539.23000,4525.97000,4526.66000,12058
2026.06.02,20:00,4526.67000,4535.74000,4520.99000,4529.91000,11405
2026.06.02,21:00,4529.89000,4533.89000,4524.48000,4533.03000,7576
2026.06.02,22:00,4533.10000,4534.56000,4525.46000,4527.56000,8995
2026.06.02,23:00,4527.57000,4534.02000,4513.45000,4514.65000,14703
2026.06.03,00:00,4514.93000,4524.74000,4502.12000,4502.12000,28937
2026.06.03,01:00,4502.06000,4506.92000,4490.22000,4504.04000,26396
2026.06.03,02:00,4503.99000,4508.41000,4500.18000,4502.06000,18860
2026.06.03,03:00,4502.15000,4502.84000,4486.17000,4491.75000,16032
2026.06.03,04:00,4491.77000,4493.02000,4482.17000,4484.43000,16886
2026.06.03,05:00,4484.44000,4490.92000,4478.47000,4487.34000,11268
2026.06.03,06:00,4487.42000,4490.17000,4483.34000,4488.16000,8783
2026.06.03,07:00,4488.15000,4491.11000,4486.21000,4489.37000,3952
2026.06.03,09:00,4492.42000,4493.16000,4483.72000,4485.00000,8553
2026.06.03,10:00,4485.10000,4488.96000,4461.90000,4474.07000,17412
2026.06.03,11:00,4474.01000,4496.77000,4473.68000,4485.85000,12857
2026.06.03,12:00,4485.75000,4487.34000,4463.31000,4475.66000,22225
2026.06.03,13:00,4475.71000,4484.95000,4472.87000,4481.81000,13325
2026.06.03,14:00,4481.76000,4487.58000,4481.74000,4484.56000,6515
2026.06.03,15:00,4484.48000,4488.27000,4468.16000,4469.28000,7094
2026.06.03,16:00,4469.35000,4474.14000,4456.46000,4456.83000,13664
2026.06.03,17:00,4456.92000,4470.80000,4455.02000,4462.95000,19987
2026.06.03,18:00,4462.84000,4472.28000,4452.73000,4453.18000,16982
2026.06.03,19:00,4453.13000,4459.12000,4440.12000,4443.92000,16081
2026.06.03,20:00,4443.94000,4459.01000,4438.89000,4443.08000,15095
2026.06.03,21:00,4443.06000,4466.68000,4440.90000,4458.91000,19581
2026.06.03,22:00,4458.96000,4468.24000,4458.40000,4462.47000,14014
2026.06.03,23:00,4462.50000,4467.06000,4448.27000,4460.23000,20029
2026.06.04,00:00,4460.21000,4465.87000,4426.08000,4445.17000,34368
2026.06.04,01:00,4444.57000,4459.55000,4442.37000,4456.96000,35208
2026.06.04,02:00,4457.07000,4458.30000,4436.64000,4442.08000,27881
2026.06.04,03:00,4442.30000,4443.99000,4433.67000,4441.75000,20694
2026.06.04,04:00,4441.81000,4448.64000,4435.50000,4438.93000,17705
2026.06.04,05:00,4438.94000,4442.89000,4434.55000,4442.01000,12357
2026.06.04,06:00,4442.03000,4452.22000,4441.37000,4443.70000,14562
2026.06.04,07:00,4443.65000,4445.35000,4430.25000,4434.27000,9781
2026.06.04,09:00,4436.72000,4452.83000,4423.54000,4448.93000,14318
2026.06.04,10:00,4448.94000,4464.61000,4445.03000,4456.95000,14482
2026.06.04,11:00,4457.26000,4464.88000,4444.05000,4448.36000,24036
2026.06.04,12:00,4448.34000,4473.60000,4443.13000,4465.67000,28875
2026.06.04,13:00,4465.66000,4476.57000,4455.43000,4474.92000,20796
2026.06.04,14:00,4474.91000,4477.16000,4458.33000,4463.65000,13404
2026.06.04,15:00,4463.71000,4484.00000,4462.08000,4480.99000,11444
2026.06.04,16:00,4481.10000,4482.43000,4466.88000,4469.09000,15105
2026.06.04,17:00,4469.05000,4477.12000,4462.80000,4467.77000,17451
2026.06.04,18:00,4467.84000,4470.78000,4459.34000,4461.61000,14327
2026.06.04,19:00,4461.62000,4469.42000,4458.45000,4463.28000,19000
2026.06.04,20:00,4463.27000,4475.57000,4460.93000,4470.33000,15722
2026.06.04,21:00,4470.00000,4473.89000,4464.21000,4473.64000,11922
2026.06.04,22:00,4473.70000,4514.74000,4468.65000,4511.43000,23034
2026.06.04,23:00,4511.41000,4513.75000,4491.06000,4503.96000,23065
2026.06.05,00:00,4503.99000,4515.43000,4495.41000,4495.81000,33054
2026.06.05,01:00,4495.61000,4499.91000,4457.33000,4465.85000,37241
2026.06.05,02:00,4465.97000,4479.08000,4463.48000,4477.37000,21130
2026.06.05,03:00,4477.39000,4485.22000,4475.28000,4482.65000,17521
2026.06.05,04:00,4482.64000,4482.64000,4474.02000,4478.04000,12000
2026.06.05,05:00,4478.05000,4481.11000,4472.63000,4478.04000,9999
2026.06.05,06:00,4478.06000,4483.43000,4476.18000,4480.88000,10454
2026.06.05,07:00,4480.90000,4481.64000,4474.30000,4474.88000,5720
2026.06.05,09:00,4474.10000,4481.54000,4468.77000,4469.70000,8584
2026.06.05,10:00,4469.78000,4473.99000,4460.18000,4461.34000,11807
2026.06.05,11:00,4461.35000,4466.86000,4450.50000,4459.26000,21203
2026.06.05,12:00,4459.35000,4469.86000,4444.10000,4446.72000,31065
2026.06.05,13:00,4446.69000,4455.01000,4438.34000,4440.42000,20116
2026.06.05,14:00,4440.41000,4443.90000,4435.14000,4442.30000,16156
2026.06.05,15:00,4442.26000,4446.65000,4437.50000,4444.96000,12763
2026.06.05,16:00,4444.97000,4450.08000,4438.46000,4439.97000,17629
2026.06.05,17:00,4439.93000,4456.14000,4428.31000,4452.68000,22392
2026.06.05,18:00,4452.70000,4467.33000,4451.73000,4460.82000,15892
2026.06.05,19:00,4460.73000,4468.13000,4458.64000,4462.72000,14892
2026.06.05,20:00,4462.41000,4469.34000,4458.80000,4464.82000,16198
2026.06.05,21:00,4464.83000,4468.08000,4461.75000,4466.45000,8948
2026.06.05,22:00,4466.19000,4475.30000,4458.02000,4470.05000,12801
2026.06.05,23:00,4470.06000,4475.78000,4404.82000,4406.31000,32271
2026.06.06,00:00,4406.75000,4421.07000,4365.36000,4365.70000,50464
2026.06.06,01:00,4365.73000,4379.25000,4344.53000,4369.58000,52394
2026.06.06,02:00,4369.60000,4372.52000,4334.01000,4335.55000,35704
2026.06.06,03:00,4335.33000,4344.78000,4323.42000,4344.62000,36837
2026.06.06,04:00,4344.59000,4347.24000,4335.58000,4341.59000,29854
2026.06.06,05:00,4341.62000,4341.99000,4315.17000,4322.45000,33449
2026.06.06,06:00,4322.51000,4325.08000,4313.83000,4318.51000,34690
2026.06.06,07:00,4318.71000,4326.45000,4311.67000,4323.82000,13559
2026.06.08,09:00,4327.58000,4330.38000,4309.86000,4317.09000,24928
2026.06.08,10:00,4317.08000,4347.08000,4317.02000,4343.66000,18294
2026.06.08,11:00,4343.94000,4353.30000,4339.73000,4342.17000,23490
2026.06.08,12:00,4342.24000,4345.69000,4299.81000,4325.66000,48074
2026.06.08,13:00,4325.72000,4330.65000,4307.17000,4310.59000,30032
2026.06.08,14:00,4310.58000,4317.06000,4303.52000,4316.83000,18489
2026.06.08,15:00,4316.85000,4321.83000,4307.55000,4312.55000,16282
2026.06.08,16:00,4312.53000,4316.00000,4268.04000,4291.77000,32417
2026.06.08,17:00,4291.74000,4311.32000,4291.74000,4300.02000,30971
2026.06.08,18:00,4300.01000,4316.89000,4294.37000,4294.39000,25676
2026.06.08,19:00,4294.26000,4297.25000,4285.30000,4288.66000,23473
2026.06.08,20:00,4288.69000,4301.85000,4272.90000,4294.40000,20683
2026.06.08,21:00,4294.87000,4305.57000,4285.72000,4301.96000,19977
2026.06.08,22:00,4301.88000,4333.16000,4297.22000,4331.40000,27506
2026.06.08,23:00,4331.38000,4339.26000,4320.27000,4332.98000,24961
2026.06.09,00:00,4332.75000,4346.72000,4321.31000,4326.85000,45729
2026.06.09,01:00,4326.84000,4331.44000,4314.61000,4330.92000,43133
2026.06.09,02:00,4330.95000,4345.81000,4322.47000,4341.69000,32173
2026.06.09,03:00,4341.56000,4346.41000,4337.79000,4340.59000,27069
2026.06.09,04:00,4340.60000,4342.40000,4331.95000,4339.13000,25306
2026.06.09,05:00,4339.16000,4345.95000,4332.85000,4334.69000,18844
2026.06.09,06:00,4334.65000,4338.13000,4323.32000,4326.59000,20463
2026.06.09,07:00,4326.62000,4330.49000,4324.56000,4329.40000,5687
2026.06.09,09:00,4330.02000,4330.61000,4322.67000,4327.84000,6095
2026.06.09,10:00,4327.83000,4328.81000,4312.60000,4317.62000,9724
2026.06.09,11:00,4317.69000,4323.75000,4314.94000,4319.84000,18404
2026.06.09,12:00,4319.75000,4338.78000,4318.62000,4336.38000,25911
2026.06.09,13:00,4336.39000,4340.84000,4328.10000,4335.99000,18222
2026.06.09,14:00,4335.98000,4342.38000,4330.87000,4336.49000,14527
2026.06.09,15:00,4336.48000,4339.28000,4324.37000,4332.23000,10118
2026.06.09,16:00,4332.24000,4351.57000,4330.63000,4343.42000,18486
2026.06.09,17:00,4343.47000,4348.95000,4330.20000,4330.49000,19197
2026.06.09,18:00,4330.44000,4334.75000,4322.10000,4326.54000,17435
2026.06.09,19:00,4326.60000,4336.83000,4321.06000,4326.48000,15897
2026.06.09,20:00,4326.51000,4336.11000,4324.10000,4332.14000,12245
2026.06.09,21:00,4332.04000,4340.65000,4325.09000,4339.00000,11717
2026.06.09,22:00,4338.99000,4343.72000,4335.61000,4339.72000,10555
2026.06.09,23:00,4339.85000,4344.30000,4334.70000,4341.39000,15148
2026.06.10,00:00,4341.44000,4363.50000,4324.99000,4328.52000,35160
2026.06.10,01:00,4328.32000,4335.99000,4278.43000,4300.40000,61004
2026.06.10,02:00,4300.56000,4302.12000,4262.93000,4272.45000,58753
2026.06.10,03:00,4272.39000,4281.10000,4236.17000,4251.85000,73840
2026.06.10,04:00,4251.75000,4268.06000,4251.05000,4263.08000,54414
2026.06.10,05:00,4263.10000,4274.28000,4259.50000,4269.98000,37137
2026.06.10,06:00,4270.04000,4271.62000,4249.81000,4258.66000,35472
2026.06.10,07:00,4258.72000,4261.93000,4255.58000,4260.36000,8648
2026.06.10,09:00,4255.54000,4257.31000,4232.21000,4236.72000,12919
2026.06.10,10:00,4236.73000,4247.25000,4210.11000,4221.63000,21064
2026.06.10,11:00,4221.73000,4228.16000,4198.79000,4217.74000,33629
2026.06.10,12:00,4217.69000,4218.94000,4183.73000,4188.64000,38691
2026.06.10,13:00,4188.63000,4192.45000,4173.22000,4174.03000,28757
2026.06.10,14:00,4173.97000,4186.45000,4172.74000,4184.76000,22201
2026.06.10,15:00,4184.75000,4187.20000,4172.33000,4174.69000,16334
2026.06.10,16:00,4174.77000,4208.97000,4173.39000,4205.12000,26259
2026.06.10,17:00,4205.07000,4221.99000,4201.75000,4203.90000,25536
2026.06.10,18:00,4203.89000,4207.97000,4181.44000,4186.01000,23502
2026.06.10,19:00,4185.88000,4187.34000,4161.05000,4168.89000,29141
2026.06.10,20:00,4168.95000,4179.39000,4163.09000,4168.69000,24250
2026.06.10,21:00,4168.75000,4178.68000,4155.52000,4174.63000,20977
2026.06.10,22:00,4175.32000,4176.07000,4145.79000,4147.65000,36651
2026.06.10,23:00,4147.68000,4173.32000,4130.19000,4147.03000,46382
2026.06.11,00:00,4146.96000,4186.16000,4132.88000,4179.58000,56137
2026.06.11,01:00,4179.69000,4181.10000,4117.75000,4124.85000,56859
2026.06.11,02:00,4124.87000,4136.83000,4106.56000,4128.91000,59964
2026.06.11,03:00,4129.15000,4135.29000,4115.95000,4121.95000,43332
2026.06.11,04:00,4121.76000,4134.82000,4100.81000,4111.68000,39151
2026.06.11,05:00,4111.72000,4120.30000,4096.84000,4101.56000,34795
2026.06.11,06:00,4101.57000,4102.12000,4081.54000,4082.70000,34504
2026.06.11,07:00,4082.67000,4083.15000,4067.03000,4071.31000,14283
2026.06.11,09:00,4070.94000,4071.79000,4035.94000,4046.09000,23788
2026.06.11,10:00,4046.12000,4064.48000,4023.60000,4047.04000,27945
2026.06.11,11:00,4047.67000,4078.12000,4035.59000,4075.60000,45576
2026.06.11,12:00,4075.53000,4118.13000,4065.98000,4101.58000,43352
2026.06.11,13:00,4101.63000,4102.45000,4051.93000,4067.78000,35765
2026.06.11,14:00,4067.84000,4078.50000,4056.69000,4072.74000,28788
2026.06.11,15:00,4072.75000,4085.91000,4069.91000,4082.65000,20078
2026.06.11,16:00,4082.67000,4106.29000,4072.60000,4094.05000,29114
2026.06.11,17:00,4094.07000,4097.53000,4075.92000,4094.32000,25868
2026.06.11,18:00,4094.30000,4110.45000,4091.56000,4104.85000,21894
2026.06.11,19:00,4104.59000,4112.67000,4084.47000,4084.48000,23999
2026.06.11,20:00,4084.51000,4096.39000,4077.44000,4091.64000,17172
2026.06.11,21:00,4091.65000,4094.54000,4086.46000,4089.93000,14511
2026.06.11,22:00,4089.92000,4095.92000,4079.71000,4080.21000,20189
2026.06.11,23:00,4080.22000,4087.01000,4057.20000,4081.79000,37677
2026.06.12,00:00,4081.77000,4092.50000,4066.96000,4083.27000,53213
2026.06.12,01:00,4083.29000,4085.39000,4052.91000,4073.34000,56689
2026.06.12,02:00,4073.33000,4095.48000,4070.23000,4088.79000,44476
2026.06.12,03:00,4089.02000,4107.59000,4077.99000,4080.27000,36965
2026.06.12,04:00,4080.28000,4169.94000,4071.89000,4151.86000,57361
2026.06.12,05:00,4151.88000,4171.51000,4131.15000,4161.82000,53274
2026.06.12,06:00,4161.83000,4220.07000,4161.83000,4208.47000,47631
2026.06.12,07:00,4208.78000,4218.57000,4208.21000,4212.28000,14217
2026.06.12,09:00,4217.97000,4246.49000,4204.92000,4243.01000,15317
2026.06.12,10:00,4243.23000,4245.74000,4213.84000,4219.51000,19937
2026.06.12,11:00,4219.43000,4230.41000,4200.64000,4208.39000,29666
2026.06.12,12:00,4208.09000,4211.03000,4171.40000,4186.73000,33752
2026.06.12,13:00,4186.31000,4199.99000,4182.44000,4191.40000,23231
2026.06.12,14:00,4191.39000,4204.93000,4189.38000,4197.14000,19484
2026.06.12,15:00,4197.09000,4201.04000,4189.58000,4190.02000,12326
2026.06.12,16:00,4189.94000,4193.00000,4170.51000,4172.95000,25387
2026.06.12,17:00,4172.96000,4185.50000,4172.26000,4184.09000,23858
2026.06.12,18:00,4184.08000,4194.57000,4170.13000,4194.57000,20855
2026.06.12,19:00,4194.51000,4225.87000,4191.77000,4219.48000,31020
2026.06.12,20:00,4219.49000,4227.85000,4217.35000,4221.75000,21457
2026.06.12,21:00,4221.79000,4225.46000,4202.73000,4210.88000,20779
2026.06.12,22:00,4210.90000,4215.05000,4197.45000,4206.80000,17579
2026.06.12,23:00,4206.82000,4215.32000,4188.50000,4191.81000,23637
2026.06.13,00:00,4191.80000,4210.23000,4182.40000,4185.96000,44662
2026.06.13,01:00,4186.71000,4208.49000,4177.12000,4203.94000,50262
2026.06.13,02:00,4203.96000,4235.54000,4200.06000,4211.83000,42052
2026.06.13,03:00,4211.85000,4232.81000,4208.02000,4215.98000,36211
2026.06.13,04:00,4216.02000,4226.32000,4213.88000,4221.33000,26406
2026.06.13,05:00,4221.34000,4235.26000,4214.11000,4215.52000,21917
2026.06.13,06:00,4215.31000,4219.51000,4201.83000,4210.74000,18880
2026.06.13,07:00,4210.65000,4216.98000,4209.37000,4213.43000,3764
2026.06.15,09:00,4267.73000,4309.04000,4265.81000,4285.19000,20615
2026.06.15,10:00,4285.41000,4295.12000,4280.73000,4294.07000,10525
2026.06.15,11:00,4293.97000,4308.18000,4291.13000,4292.18000,16891
2026.06.15,12:00,4292.21000,4319.56000,4285.41000,4316.72000,30245
2026.06.15,13:00,4316.70000,4335.44000,4316.16000,4329.65000,17621
2026.06.15,14:00,4329.63000,4331.23000,4321.04000,4324.97000,12570
2026.06.15,15:00,4324.95000,4330.05000,4320.78000,4328.30000,8071
2026.06.15,16:00,4328.31000,4332.89000,4307.27000,4310.16000,16059
2026.06.15,17:00,4310.19000,4313.48000,4300.74000,4308.06000,22453
2026.06.15,18:00,4308.59000,4325.35000,4305.16000,4323.16000,16511
2026.06.15,19:00,4323.07000,4345.27000,4321.62000,4334.13000,16264
2026.06.15,20:00,4334.11000,4343.15000,4334.11000,4336.62000,14038
2026.06.15,21:00,4336.79000,4341.38000,4335.29000,4338.13000,10935
2026.06.15,22:00,4338.19000,4347.56000,4331.83000,4335.08000,14843
2026.06.15,23:00,4335.10000,4349.45000,4324.57000,4348.99000,20109
2026.06.16,00:00,4348.94000,4368.82000,4341.12000,4355.26000,33221
2026.06.16,01:00,4355.12000,4369.37000,4353.83000,4356.72000,35708
2026.06.16,02:00,4356.69000,4360.69000,4349.21000,4356.26000,23772
2026.06.16,03:00,4356.24000,4358.67000,4334.48000,4339.07000,16482
2026.06.16,04:00,4339.18000,4339.18000,4320.35000,4324.72000,18719
2026.06.16,05:00,4324.85000,4327.99000,4317.75000,4325.56000,15545
2026.06.16,06:00,4325.55000,4326.67000,4316.48000,4320.61000,15870
2026.06.16,07:00,4320.66000,4322.05000,4306.50000,4309.21000,7002
2026.06.16,09:00,4310.65000,4315.35000,4305.71000,4311.80000,9032
2026.06.16,10:00,4311.81000,4319.11000,4311.32000,4315.55000,8839
2026.06.16,11:00,4315.44000,4320.70000,4306.59000,4319.11000,15986
2026.06.16,12:00,4319.12000,4325.97000,4311.95000,4313.45000,27757
2026.06.16,13:00,4313.44000,4320.84000,4307.68000,4318.55000,15548
2026.06.16,14:00,4318.47000,4333.05000,4315.44000,4330.25000,13677
2026.06.16,15:00,4330.24000,4332.05000,4321.08000,4322.50000,8479
2026.06.16,16:00,4322.48000,4330.77000,4314.03000,4315.85000,16386
2026.06.16,17:00,4315.83000,4324.35000,4313.27000,4323.87000,18725
2026.06.16,18:00,4323.77000,4335.53000,4322.49000,4334.99000,13744
2026.06.16,19:00,4335.01000,4347.92000,4332.57000,4347.00000,13418
2026.06.16,20:00,4346.98000,4348.28000,4338.21000,4345.10000,11897
2026.06.16,21:00,4345.11000,4348.91000,4342.26000,4348.88000,8542
2026.06.16,22:00,4348.92000,4349.43000,4335.05000,4340.82000,13909
2026.06.16,23:00,4340.84000,4354.79000,4337.36000,4354.49000,19964
2026.06.17,00:00,4354.22000,4354.85000,4331.58000,4331.70000,33471
2026.06.17,01:00,4331.60000,4338.70000,4313.19000,4324.03000,36085
2026.06.17,02:00,4324.02000,4343.31000,4320.77000,4335.19000,27842
2026.06.17,03:00,4335.12000,4347.05000,4334.83000,4340.53000,19310
2026.06.17,04:00,4340.50000,4341.13000,4325.16000,4340.20000,16981
2026.06.17,05:00,4340.21000,4342.80000,4336.20000,4338.50000,14009
2026.06.17,06:00,4338.51000,4342.82000,4330.44000,4333.91000,14484
2026.06.17,07:00,4333.57000,4334.98000,4329.39000,4330.99000,5393
2026.06.17,09:00,4333.67000,4336.13000,4328.65000,4335.46000,4474
2026.06.17,10:00,4335.49000,4338.45000,4329.04000,4330.55000,4085
2026.06.17,11:00,4330.54000,4341.66000,4328.23000,4337.10000,13762
2026.06.17,12:00,4336.93000,4349.73000,4334.25000,4340.83000,19044
2026.06.17,13:00,4340.81000,4344.53000,4329.65000,4331.40000,13442
2026.06.17,14:00,4331.36000,4334.14000,4328.63000,4332.06000,9906
2026.06.17,15:00,4331.98000,4334.07000,4317.42000,4326.78000,8512
2026.06.17,16:00,4326.80000,4334.19000,4321.09000,4326.66000,12982
2026.06.17,17:00,4326.68000,4331.79000,4320.44000,4331.66000,14805
2026.06.17,18:00,4331.48000,4332.76000,4324.54000,4325.15000,10296
2026.06.17,19:00,4325.14000,4327.87000,4317.24000,4324.65000,13070
2026.06.17,20:00,4324.63000,4335.51000,4321.22000,4329.46000,11260
2026.06.17,21:00,4329.53000,4335.22000,4326.49000,4331.30000,10504
2026.06.17,22:00,4331.37000,4331.88000,4320.95000,4323.07000,11902
2026.06.17,23:00,4323.06000,4335.45000,4319.90000,4333.57000,13614
2026.06.18,00:00,4333.55000,4345.27000,4323.93000,4339.36000,24629
2026.06.18,01:00,4339.28000,4363.91000,4330.55000,4344.41000,37307
2026.06.18,02:00,4344.20000,4364.83000,4343.73000,4363.43000,24737
2026.06.18,03:00,4363.42000,4366.51000,4354.99000,4359.35000,13293
2026.06.18,04:00,4359.38000,4382.27000,4355.16000,4379.59000,18481
2026.06.18,05:00,4378.95000,4379.32000,4269.46000,4286.12000,81279
2026.06.18,06:00,4286.06000,4295.29000,4218.70000,4235.75000,74204
2026.06.18,07:00,4234.97000,4269.56000,4234.75000,4256.82000,23276
2026.06.18,09:00,4256.60000,4271.42000,4254.12000,4266.47000,11157
2026.06.18,10:00,4266.46000,4283.91000,4263.92000,4277.64000,14252
2026.06.18,11:00,4278.09000,4315.21000,4276.16000,4308.36000,25157
2026.06.18,12:00,4308.34000,4328.45000,4306.47000,4317.68000,25712
2026.06.18,13:00,4317.67000,4329.89000,4310.33000,4310.91000,18067
2026.06.18,14:00,4310.95000,4322.76000,4309.04000,4319.66000,13863
2026.06.18,15:00,4319.70000,4324.04000,4309.68000,4315.70000,11259
2026.06.18,16:00,4315.78000,4324.76000,4301.17000,4307.93000,19717
2026.06.18,17:00,4307.97000,4309.92000,4296.14000,4306.54000,24229
2026.06.18,18:00,4306.49000,4309.36000,4287.45000,4288.64000,19071
2026.06.18,19:00,4288.58000,4292.99000,4265.54000,4266.59000,19798
2026.06.18,20:00,4266.61000,4273.18000,4259.54000,4268.28000,19065
2026.06.18,21:00,4268.29000,4272.79000,4254.58000,4255.59000,17087
2026.06.18,22:00,4255.63000,4255.85000,4239.74000,4241.86000,23871
2026.06.18,23:00,4241.85000,4269.13000,4240.35000,4246.68000,28616
2026.06.19,00:00,4246.46000,4276.56000,4244.90000,4256.58000,37654
2026.06.19,01:00,4256.57000,4257.86000,4236.95000,4252.23000,42294
2026.06.19,02:00,4252.48000,4254.78000,4223.02000,4226.55000,38401
2026.06.19,03:00,4226.57000,4233.20000,4213.94000,4219.40000,31107
2026.06.19,04:00,4219.46000,4233.11000,4218.45000,4230.28000,24653
2026.06.19,05:00,4230.29000,4233.16000,4218.16000,4218.46000,20804
2026.06.19,06:00,4218.47000,4218.99000,4201.10000,4217.08000,25036
2026.06.19,07:00,4217.25000,4219.54000,4207.60000,4209.08000,9084
2026.06.19,09:00,4210.84000,4211.90000,4202.34000,4207.08000,6168
2026.06.19,10:00,4207.10000,4208.16000,4186.58000,4188.28000,12185
2026.06.19,11:00,4188.23000,4198.10000,4183.99000,4190.45000,17933
2026.06.19,12:00,4190.46000,4194.57000,4183.99000,4184.83000,13826
2026.06.19,13:00,4184.81000,4186.17000,4171.70000,4176.31000,13774
2026.06.19,14:00,4176.29000,4177.19000,4145.30000,4153.33000,16933
2026.06.19,15:00,4153.35000,4155.23000,4125.05000,4125.71000,20707
2026.06.19,16:00,4125.68000,4141.47000,4121.62000,4139.69000,20442
2026.06.19,17:00,4139.68000,4150.56000,4132.72000,4147.66000,18865
2026.06.19,18:00,4147.61000,4162.72000,4147.61000,4157.86000,15953
2026.06.19,19:00,4157.94000,4178.44000,4155.15000,4169.18000,16832
2026.06.19,20:00,4169.17000,4170.96000,4160.98000,4162.94000,12696
2026.06.19,21:00,4162.96000,4163.16000,4148.13000,4149.69000,15214
2026.06.19,22:00,4149.66000,4154.87000,4141.89000,4152.63000,14989
2026.06.19,23:00,4152.66000,4179.88000,4147.25000,4178.81000,21022
2026.06.20,00:00,4178.84000,4182.98000,4150.36000,4151.32000,24164
2026.06.20,01:00,4151.20000,4154.61000,4142.44000,4149.21000,18053
2026.06.20,02:00,4149.23000,4154.04000,4147.50000,4151.09000,11810
2026.06.20,03:00,4151.10000,4157.86000,4144.22000,4155.44000,7895
2026.06.20,04:00,4155.48000,4160.17000,4155.23000,4159.07000,1109
2026.06.20,05:00,4159.06000,4161.00000,4157.38000,4157.46000,3483
2026.06.20,06:00,4157.49000,4161.00000,4156.75000,4159.92000,1981
2026.06.20,07:00,4161.85000,4161.85000,4160.84000,4161.06000,35
2026.06.22,09:00,4147.91000,4159.66000,4147.44000,4156.33000,13306
2026.06.22,10:00,4156.23000,4164.75000,4136.13000,4139.93000,18338
2026.06.22,11:00,4139.92000,4200.97000,4139.76000,4200.97000,29943
2026.06.22,12:00,4201.04000,4220.91000,4189.62000,4190.93000,41346
2026.06.22,13:00,4190.96000,4200.23000,4183.35000,4188.28000,23569
2026.06.22,14:00,4188.26000,4189.89000,4170.62000,4171.41000,16754
2026.06.22,15:00,4171.54000,4182.13000,4170.61000,4181.73000,12108
2026.06.22,16:00,4181.72000,4198.46000,4179.35000,4193.64000,20713
2026.06.22,17:00,4193.65000,4207.34000,4191.00000,4197.57000,20198
2026.06.22,18:00,4197.73000,4201.81000,4188.73000,4190.27000,16932
2026.06.22,19:00,4190.28000,4197.80000,4188.60000,4197.35000,16245
2026.06.22,20:00,4197.19000,4210.15000,4195.86000,4208.09000,14550
2026.06.22,21:00,4208.07000,4214.20000,4203.47000,4204.68000,12333
2026.06.22,22:00,4204.77000,4215.25000,4201.29000,4207.25000,17456
2026.06.22,23:00,4207.36000,4211.88000,4192.15000,4193.43000,19840
2026.06.23,00:00,4193.55000,4205.64000,4182.83000,4199.80000,39038
2026.06.23,01:00,4200.00000,4210.72000,4186.43000,4198.08000,42110
2026.06.23,02:00,4198.38000,4201.29000,4169.81000,4182.69000,32328
2026.06.23,03:00,4182.70000,4192.98000,4174.15000,4189.81000,20509
2026.06.23,04:00,4190.09000,4191.59000,4177.04000,4182.95000,16022
2026.06.23,05:00,4183.11000,4192.82000,4182.44000,4191.26000,15600
2026.06.23,06:00,4191.27000,4193.18000,4184.03000,4190.69000,14558
2026.06.23,07:00,4190.58000,4193.74000,4188.49000,4190.50000,4511
2026.06.23,09:00,4191.74000,4194.60000,4188.18000,4189.59000,4480
2026.06.23,10:00,4189.97000,4195.34000,4186.81000,4187.57000,5950
2026.06.23,11:00,4187.50000,4194.54000,4178.28000,4193.34000,21004
2026.06.23,12:00,4193.24000,4198.34000,4150.00000,4161.17000,32361
2026.06.23,13:00,4161.19000,4163.31000,4146.35000,4146.81000,22630
2026.06.23,14:00,4146.91000,4149.60000,4130.74000,4144.11000,21566
2026.06.23,15:00,4144.37000,4146.93000,4114.43000,4117.71000,14194
2026.06.23,16:00,4117.70000,4137.49000,4115.16000,4121.05000,27747
2026.06.23,17:00,4121.00000,4127.00000,4110.39000,4114.22000,31186
2026.06.23,18:00,4114.20000,4124.72000,4096.53000,4098.69000,25119
2026.06.23,19:00,4098.77000,4110.81000,4090.63000,4105.34000,26558
2026.06.23,20:00,4105.40000,4122.22000,4103.81000,4122.22000,16300
2026.06.23,21:00,4122.44000,4133.32000,4119.51000,4119.70000,17924
2026.06.23,22:00,4119.75000,4131.84000,4117.30000,4123.20000,21510
2026.06.23,23:00,4123.18000,4127.17000,4111.65000,4113.22000,24749
2026.06.24,00:00,4113.17000,4140.31000,4105.25000,4135.32000,42566
2026.06.24,01:00,4135.36000,4145.13000,4122.64000,4130.02000,44393
2026.06.24,02:00,4130.04000,4141.62000,4123.31000,4138.52000,30610
2026.06.24,03:00,4138.53000,4143.80000,4131.46000,4134.29000,17811
2026.06.24,04:00,4134.27000,4139.84000,4127.63000,4127.96000,16326
2026.06.24,05:00,4127.95000,4130.90000,4112.60000,4117.77000,15949
2026.06.24,06:00,4117.76000,4126.12000,4111.52000,4111.75000,22163
2026.06.24,07:00,4111.80000,4112.71000,4107.59000,4110.84000,6369
2026.06.24,09:00,4112.57000,4114.94000,4096.72000,4104.19000,12698
2026.06.24,10:00,4104.17000,4104.29000,4080.53000,4099.25000,19123
2026.06.24,11:00,4099.23000,4112.05000,4093.56000,4097.13000,33030
2026.06.24,12:00,4097.17000,4102.28000,4068.34000,4088.93000,45812
2026.06.24,13:00,4088.90000,4095.97000,4052.09000,4061.14000,30105
2026.06.24,14:00,4061.13000,4070.53000,4050.30000,4062.67000,28220
2026.06.24,15:00,4062.76000,4067.31000,4055.04000,4064.52000,19213
2026.06.24,16:00,4064.51000,4086.14000,4060.80000,4075.76000,24229
2026.06.24,17:00,4075.77000,4097.56000,4075.61000,4087.14000,27112
2026.06.24,18:00,4087.08000,4090.72000,4073.64000,4074.79000,19092
2026.06.24,19:00,4074.77000,4087.65000,4073.11000,4076.34000,20664
2026.06.24,20:00,4076.24000,4079.09000,4064.10000,4064.53000,17790
2026.06.24,21:00,4064.55000,4066.89000,4054.38000,4055.67000,20095
2026.06.24,22:00,4055.73000,4058.60000,4037.52000,4046.66000,31967
2026.06.24,23:00,4046.68000,4048.81000,3987.51000,3987.61000,40033
2026.06.25,00:00,3987.73000,4041.98000,3964.52000,4038.27000,62548
2026.06.25,01:00,4038.26000,4040.99000,4002.92000,4008.02000,49316
2026.06.25,02:00,4008.04000,4016.76000,3997.35000,4002.46000,37933
2026.06.25,03:00,4002.44000,4022.17000,3995.41000,4006.64000,30407
2026.06.25,04:00,4006.63000,4011.18000,3972.61000,3972.77000,37668
2026.06.25,05:00,3972.89000,3994.17000,3958.89000,3981.38000,40022
2026.06.25,06:00,3981.41000,3990.84000,3973.39000,3988.01000,29526
2026.06.25,07:00,3988.04000,4002.82000,3984.72000,3998.54000,17644
2026.06.25,09:00,4005.34000,4008.74000,3992.64000,3996.26000,9021
2026.06.25,10:00,3996.34000,4018.65000,3990.58000,4012.37000,14092
2026.06.25,11:00,4012.39000,4016.31000,3978.43000,3990.95000,29405
2026.06.25,12:00,3990.91000,4005.85000,3982.13000,3995.68000,20890
2026.06.25,13:00,3977.27000,3984.46000,3974.46000,3982.83000,9538
2026.06.25,14:00,3982.99000,4001.08000,3966.26000,3995.34000,26453
2026.06.25,15:00,3995.35000,3997.51000,3983.43000,3996.00000,16755
2026.06.25,16:00,3995.94000,4000.00000,3980.31000,3986.32000,24836
2026.06.25,17:00,3986.31000,3989.12000,3973.94000,3977.57000,23052
2026.06.25,18:00,3977.56000,3989.73000,3971.37000,3987.75000,18704
2026.06.25,19:00,3987.77000,4002.09000,3984.18000,3989.09000,19593
2026.06.25,20:00,3989.08000,3997.68000,3985.98000,3988.25000,14638
2026.06.25,21:00,3988.30000,3989.39000,3981.09000,3984.22000,10968
2026.06.25,22:00,3984.26000,3987.77000,3973.51000,3980.06000,16069
2026.06.25,23:00,3980.00000,4019.21000,3978.79000,4012.61000,32444
2026.06.26,00:00,4012.80000,4033.86000,4000.88000,4002.20000,52298
2026.06.26,01:00,4002.19000,4028.70000,3998.79000,4011.92000,55673
2026.06.26,02:00,4011.93000,4042.59000,4005.03000,4041.27000,45891
2026.06.26,03:00,4041.43000,4044.01000,4023.75000,4028.62000,27932
2026.06.26,04:00,4028.63000,4036.71000,4026.85000,4034.68000,22582
2026.06.26,05:00,4034.69000,4043.99000,4025.99000,4034.60000,27856
2026.06.26,06:00,4034.58000,4043.68000,4021.92000,4026.76000,20011
2026.06.26,07:00,4026.74000,4034.96000,4024.42000,4026.39000,7703
2026.06.26,09:00,4028.80000,4036.45000,4019.69000,4025.99000,11502
2026.06.26,10:00,4025.92000,4030.49000,4012.39000,4014.22000,12233
2026.06.26,11:00,4014.38000,4024.64000,4011.23000,4020.38000,25658
2026.06.26,12:00,4020.42000,4029.49000,4014.16000,4020.82000,30889
2026.06.26,13:00,4020.81000,4023.14000,3983.06000,3990.64000,26393
2026.06.26,14:00,3990.59000,4006.56000,3986.67000,4004.54000,22926
2026.06.26,15:00,4004.46000,4015.30000,3998.69000,4011.82000,17410
2026.06.26,16:00,4011.79000,4021.44000,4005.78000,4008.18000,22122
2026.06.26,17:00,4008.15000,4033.10000,4006.66000,4032.06000,29339
2026.06.26,18:00,4032.02000,4039.83000,4026.71000,4030.47000,16727
2026.06.26,19:00,4030.48000,4037.63000,4025.66000,4030.91000,16621
2026.06.26,20:00,4030.95000,4054.19000,4029.53000,4047.04000,18797
2026.06.26,21:00,4047.03000,4054.76000,4042.20000,4054.62000,14667
2026.06.26,22:00,4054.63000,4055.45000,4042.45000,4045.81000,15175
2026.06.26,23:00,4045.84000,4061.49000,4035.74000,4058.95000,21340
2026.06.27,00:00,4058.96000,4077.94000,4043.22000,4073.25000,45797
2026.06.27,01:00,4073.15000,4093.04000,4067.50000,4080.58000,41354
2026.06.27,02:00,4080.61000,4095.97000,4075.68000,4090.50000,29596
2026.06.27,03:00,4090.49000,4093.42000,4082.18000,4085.01000,18078
2026.06.27,04:00,4085.02000,4087.97000,4073.73000,4074.68000,16248
2026.06.27,05:00,4074.69000,4078.74000,4067.03000,4067.11000,12715
2026.06.27,06:00,4067.27000,4074.66000,4064.55000,4071.75000,14822
2026.06.27,07:00,4071.80000,4072.95000,4064.36000,4070.41000,7411
2026.06.29,17:00,4054.26000,4064.81000,4053.15000,4062.67000,20983
